tree_id,樹種,経度,緯度,区分,場所,出典
PT0004-01-0271,クロマツ,139.6404227,35.6857525,公園樹木（杉並区）,和田堀公園,suginami_park_matsu
PT0004-01-0273,クロマツ,139.6404552,35.68574047,公園樹木（杉並区）,和田堀公園,suginami_park_matsu
PT0004-01-0275,クロマツ,139.6404925,35.6857145,公園樹木（杉並区）,和田堀公園,suginami_park_matsu
PT0004-01-0277,クロマツ,139.6405193,35.68570094,公園樹木（杉並区）,和田堀公園,suginami_park_matsu
PT0004-01-0279,クロマツ,139.6405386,35.68568989,公園樹木（杉並区）,和田堀公園,suginami_park_matsu
PT0004-01-0281,クロマツ,139.6403922,35.68568258,公園樹木（杉並区）,和田堀公園,suginami_park_matsu
PT0004-01-0282,クロマツ,139.6404355,35.68568192,公園樹木（杉並区）,和田堀公園,suginami_park_matsu
PT0004-01-0283,クロマツ,139.6404176,35.68567444,公園樹木（杉並区）,和田堀公園,suginami_park_matsu
PT0004-01-0289,クロマツ,139.6404806,35.68565919,公園樹木（杉並区）,和田堀公園,suginami_park_matsu
PT0004-01-0290,クロマツ,139.6404234,35.68565736,公園樹木（杉並区）,和田堀公園,suginami_park_matsu
PT0004-01-0291,クロマツ,139.6404483,35.68565472,公園樹木（杉並区）,和田堀公園,suginami_park_matsu
PT0004-01-0293,クロマツ,139.6404888,35.68563711,公園樹木（杉並区）,和田堀公園,suginami_park_matsu
PT0004-01-0298,クロマツ,139.6405369,35.68559669,公園樹木（杉並区）,和田堀公園,suginami_park_matsu
PT0004-01-0305,クロマツ,139.6405671,35.68552389,公園樹木（杉並区）,和田堀公園,suginami_park_matsu
PT0004-01-0313,クロマツ,139.6405632,35.68547917,公園樹木（杉並区）,和田堀公園,suginami_park_matsu
PT0004-01-0318,クロマツ,139.640686,35.68544414,公園樹木（杉並区）,和田堀公園,suginami_park_matsu
PT0004-01-0321,クロマツ,139.6405954,35.68541033,公園樹木（杉並区）,和田堀公園,suginami_park_matsu
PT0004-01-0323,クロマツ,139.6406416,35.68540389,公園樹木（杉並区）,和田堀公園,suginami_park_matsu
PT0004-01-0327,クロマツ,139.640612,35.68536844,公園樹木（杉並区）,和田堀公園,suginami_park_matsu
PT0004-01-0330,クロマツ,139.6406597,35.68535878,公園樹木（杉並区）,和田堀公園,suginami_park_matsu
PT0004-01-0334,クロマツ,139.6406603,35.68531114,公園樹木（杉並区）,和田堀公園,suginami_park_matsu
PT0004-01-0335,クロマツ,139.6407006,35.68529631,公園樹木（杉並区）,和田堀公園,suginami_park_matsu
PT0004-01-0338,クロマツ,139.6407355,35.68528514,公園樹木（杉並区）,和田堀公園,suginami_park_matsu
PT0004-01-0339,クロマツ,139.6406743,35.68527914,公園樹木（杉並区）,和田堀公園,suginami_park_matsu
PT0004-01-0341,クロマツ,139.6407448,35.68527025,公園樹木（杉並区）,和田堀公園,suginami_park_matsu
PT0004-01-0342,クロマツ,139.6406837,35.68526356,公園樹木（杉並区）,和田堀公園,suginami_park_matsu
PT0004-01-0344,クロマツ,139.6407516,35.68524883,公園樹木（杉並区）,和田堀公園,suginami_park_matsu
PT0004-01-0345,クロマツ,139.6406744,35.68524864,公園樹木（杉並区）,和田堀公園,suginami_park_matsu
PT0004-01-0349,クロマツ,139.6406852,35.68520014,公園樹木（杉並区）,和田堀公園,suginami_park_matsu
PT0004-01-0358,クロマツ,139.6407141,35.68515706,公園樹木（杉並区）,和田堀公園,suginami_park_matsu
PT0004-01-0366,クロマツ,139.6407046,35.68513317,公園樹木（杉並区）,和田堀公園,suginami_park_matsu
PT0004-01-0367,クロマツ,139.6407268,35.68513256,公園樹木（杉並区）,和田堀公園,suginami_park_matsu
PT0004-01-0384,クロマツ,139.640859,35.68503653,公園樹木（杉並区）,和田堀公園,suginami_park_matsu
PT0004-01-0385,クロマツ,139.6408455,35.68503056,公園樹木（杉並区）,和田堀公園,suginami_park_matsu
PT0004-01-0386,クロマツ,139.6408727,35.68502575,公園樹木（杉並区）,和田堀公園,suginami_park_matsu
PT0004-01-0387,クロマツ,139.6408646,35.68502308,公園樹木（杉並区）,和田堀公園,suginami_park_matsu
PT0004-01-0388,クロマツ,139.6409087,35.68502097,公園樹木（杉並区）,和田堀公園,suginami_park_matsu
PT0004-01-0392,クロマツ,139.6408956,35.68501422,公園樹木（杉並区）,和田堀公園,suginami_park_matsu
PT0004-01-0393,クロマツ,139.640891,35.68501403,公園樹木（杉並区）,和田堀公園,suginami_park_matsu
PT0004-01-0396,クロマツ,139.6407971,35.68501019,公園樹木（杉並区）,和田堀公園,suginami_park_matsu
PT0004-01-0397,クロマツ,139.6407856,35.68500044,公園樹木（杉並区）,和田堀公園,suginami_park_matsu
PT0004-01-0398,クロマツ,139.6408862,35.68499692,公園樹木（杉並区）,和田堀公園,suginami_park_matsu
PT0004-01-0399,クロマツ,139.6409226,35.68499697,公園樹木（杉並区）,和田堀公園,suginami_park_matsu
PT0004-01-0400,クロマツ,139.6408101,35.68499369,公園樹木（杉並区）,和田堀公園,suginami_park_matsu
PT0004-01-0401,クロマツ,139.6409043,35.68499281,公園樹木（杉並区）,和田堀公園,suginami_park_matsu
PT0004-01-0403,クロマツ,139.6409245,35.68498925,公園樹木（杉並区）,和田堀公園,suginami_park_matsu
PT0004-01-0414,クロマツ,139.6408184,35.68497333,公園樹木（杉並区）,和田堀公園,suginami_park_matsu
PT0004-01-0416,クロマツ,139.6408349,35.68496911,公園樹木（杉並区）,和田堀公園,suginami_park_matsu
PT0004-01-0421,クロマツ,139.6409047,35.68493692,公園樹木（杉並区）,和田堀公園,suginami_park_matsu
PT0007-00-0127,アカマツ,139.6178284,35.71731272,公園樹木（杉並区）,妙正寺公園,suginami_park_matsu
PT0007-00-0131,アカマツ,139.6178561,35.71729072,公園樹木（杉並区）,妙正寺公園,suginami_park_matsu
PT0007-00-0132,アカマツ,139.6178072,35.71729011,公園樹木（杉並区）,妙正寺公園,suginami_park_matsu
PT0007-00-0136,アカマツ,139.6178845,35.71727239,公園樹木（杉並区）,妙正寺公園,suginami_park_matsu
PT0007-00-0137,アカマツ,139.6178356,35.7172665,公園樹木（杉並区）,妙正寺公園,suginami_park_matsu
PT0007-00-0140,アカマツ,139.6178575,35.71724922,公園樹木（杉並区）,妙正寺公園,suginami_park_matsu
PT0007-00-0141,アカマツ,139.6178221,35.71724811,公園樹木（杉並区）,妙正寺公園,suginami_park_matsu
PT0013-00-0075,アカマツ,139.6585426,35.70167494,公園樹木（杉並区）,高円寺東公園,suginami_park_matsu
PT0037-00-0036,アカマツ,139.5979146,35.68884317,公園樹木（杉並区）,久我山公園,suginami_park_matsu
PT0041-00-0014,アカマツ,139.6214748,35.68888139,公園樹木（杉並区）,高井戸東公園,suginami_park_matsu
PT0043-00-0004,クロマツ,139.60804,35.68781478,公園樹木（杉並区）,富士見丘北公園,suginami_park_matsu
PT0058-02-0007,アカマツ,139.6208637,35.67982525,公園樹木（杉並区）,三泉淵緑地,suginami_park_matsu
PT0062-00-0013,アカマツ,139.6132041,35.69636469,公園樹木（杉並区）,南荻窪公園,suginami_park_matsu
PT0077-00-0049,アカマツ,139.6075597,35.68033469,公園樹木（杉並区）,昭栄公園,suginami_park_matsu
PT0077-00-0075,アカマツ,139.6078667,35.68021561,公園樹木（杉並区）,昭栄公園,suginami_park_matsu
PT0119-00-0147,マツ,139.624347,35.70111411,公園樹木（杉並区）,大田黒公園,suginami_park_matsu
PT0119-00-0337,マツ,139.6247558,35.700699,公園樹木（杉並区）,大田黒公園,suginami_park_matsu
PT0119-00-0347,アカマツ,139.6245486,35.70067783,公園樹木（杉並区）,大田黒公園,suginami_park_matsu
PT0119-00-0384,マツ,139.6247188,35.70060317,公園樹木（杉並区）,大田黒公園,suginami_park_matsu
PT0119-00-0387,マツ,139.6246217,35.70059869,公園樹木（杉並区）,大田黒公園,suginami_park_matsu
PT0119-00-0391,マツ,139.6248378,35.70059444,公園樹木（杉並区）,大田黒公園,suginami_park_matsu
PT0119-00-0398,マツ,139.6247598,35.70056956,公園樹木（杉並区）,大田黒公園,suginami_park_matsu
PT0119-00-0405,マツ,139.6247761,35.70055803,公園樹木（杉並区）,大田黒公園,suginami_park_matsu
PT0119-00-0409,マツ,139.6247934,35.70054869,公園樹木（杉並区）,大田黒公園,suginami_park_matsu
PT0119-00-0435,マツ,139.6247584,35.70048472,公園樹木（杉並区）,大田黒公園,suginami_park_matsu
PT0123-00-0010,クロマツ,139.5971335,35.69909172,公園樹木（杉並区）,松庵三丁目公園,suginami_park_matsu
PT0133-00-0008,ヤマツバキ,139.5975189,35.71810467,公園樹木（杉並区）,切通し公園,suginami_park_matsu
PT0133-00-0023,ヤマツバキ,139.5975412,35.71804461,公園樹木（杉並区）,切通し公園,suginami_park_matsu
PT0133-00-0088,ヤマツバキ,139.5976248,35.71779461,公園樹木（杉並区）,切通し公園,suginami_park_matsu
PT0133-00-0111,ヤマツバキ,139.5974348,35.71771064,公園樹木（杉並区）,切通し公園,suginami_park_matsu
PT0137-00-0325,クロマツ,139.644059,35.70981017,公園樹木（杉並区）,馬橋公園,suginami_park_matsu
PT0139-00-0007,アカマツ,139.5931333,35.69568414,公園樹木（杉並区）,まつぼっくり緑地,suginami_park_matsu
PT0139-00-0021,アカマツ,139.5931835,35.69564031,公園樹木（杉並区）,まつぼっくり緑地,suginami_park_matsu
PT0139-00-0024,アカマツ,139.5932577,35.69562278,公園樹木（杉並区）,まつぼっくり緑地,suginami_park_matsu
PT0139-00-0025,アカマツ,139.5931635,35.69562136,公園樹木（杉並区）,まつぼっくり緑地,suginami_park_matsu
PT0139-00-0027,アカマツ,139.5932189,35.69561567,公園樹木（杉並区）,まつぼっくり緑地,suginami_park_matsu
PT0139-00-0028,アカマツ,139.5933773,35.69561572,公園樹木（杉並区）,まつぼっくり緑地,suginami_park_matsu
PT0139-00-0030,アカマツ,139.5932999,35.69561044,公園樹木（杉並区）,まつぼっくり緑地,suginami_park_matsu
PT0139-00-0036,アカマツ,139.5932919,35.69558417,公園樹木（杉並区）,まつぼっくり緑地,suginami_park_matsu
PT0142-00-0096,アカマツ,139.6182497,35.71335003,公園樹木（杉並区）,清水森公園,suginami_park_matsu
PT0145-00-0019,クロマツ,139.6557111,35.69789872,公園樹木（杉並区）,蚕糸の森公園,suginami_park_matsu
PT0145-00-0028,クロマツ,139.6557545,35.69788611,公園樹木（杉並区）,蚕糸の森公園,suginami_park_matsu
PT0145-00-0032,クロマツ,139.6557175,35.69787619,公園樹木（杉並区）,蚕糸の森公園,suginami_park_matsu
PT0145-00-0310,クロマツ,139.6564792,35.69741672,公園樹木（杉並区）,蚕糸の森公園,suginami_park_matsu
PT0145-00-0379,クロマツ,139.6559934,35.69723525,公園樹木（杉並区）,蚕糸の森公園,suginami_park_matsu
PT0145-00-0382,クロマツ,139.6560224,35.69722956,公園樹木（杉並区）,蚕糸の森公園,suginami_park_matsu
PT0145-00-0386,クロマツ,139.6560202,35.69721872,公園樹木（杉並区）,蚕糸の森公園,suginami_park_matsu
PT0145-00-0392,クロマツ,139.6559553,35.69721244,公園樹木（杉並区）,蚕糸の森公園,suginami_park_matsu
PT0145-00-0403,クロマツ,139.6563318,35.69720017,公園樹木（杉並区）,蚕糸の森公園,suginami_park_matsu
PT0145-00-0416,クロマツ,139.655995,35.69717356,公園樹木（杉並区）,蚕糸の森公園,suginami_park_matsu
PT0145-00-0418,クロマツ,139.6559487,35.69717194,公園樹木（杉並区）,蚕糸の森公園,suginami_park_matsu
PT0145-00-0709,アカマツ,139.6561879,35.69642969,公園樹木（杉並区）,蚕糸の森公園,suginami_park_matsu
PT0145-00-0830,アカマツ,139.6562181,35.69635531,公園樹木（杉並区）,蚕糸の森公園,suginami_park_matsu
PT0148-00-0001,クロマツ,139.6354588,35.71281678,公園樹木（杉並区）,阿佐谷かりん公園,suginami_park_matsu
PT0148-00-0006,ゴヨウマツ,139.6353233,35.71279461,公園樹木（杉並区）,阿佐谷かりん公園,suginami_park_matsu
PT0150-00-0012,マツ,139.6374296,35.68474478,公園樹木（杉並区）,成田かっぱ公園,suginami_park_matsu
PT0150-00-0013,マツ,139.6375194,35.68473364,公園樹木（杉並区）,成田かっぱ公園,suginami_park_matsu
PT0150-00-0014,マツ,139.6374222,35.68472261,公園樹木（杉並区）,成田かっぱ公園,suginami_park_matsu
PT0150-00-0015,マツ,139.6375225,35.68471389,公園樹木（杉並区）,成田かっぱ公園,suginami_park_matsu
PT0150-00-0018,マツ,139.6374227,35.68469667,公園樹木（杉並区）,成田かっぱ公園,suginami_park_matsu
PT0150-00-0026,マツ,139.6375271,35.68464686,公園樹木（杉並区）,成田かっぱ公園,suginami_park_matsu
PT0150-00-0035,マツ,139.6373584,35.68452533,公園樹木（杉並区）,成田かっぱ公園,suginami_park_matsu
PT0150-00-0057,マツ,139.6373964,35.68431267,公園樹木（杉並区）,成田かっぱ公園,suginami_park_matsu
PT0150-00-0062,マツ,139.6374953,35.68428528,公園樹木（杉並区）,成田かっぱ公園,suginami_park_matsu
PT0151-00-0013,マツ,139.6346379,35.71528053,公園樹木（杉並区）,一本松公園,suginami_park_matsu
PT0176-00-0007,アカマツ,139.6102132,35.71622417,公園樹木（杉並区）,今川二丁目公園,suginami_park_matsu
PT0188-02-0039,アカマツ,139.6299556,35.67569094,公園樹木（杉並区）,藤和緑地,suginami_park_matsu
PT0189-00-0005,アカマツ,139.6604429,35.69921431,公園樹木（杉並区）,こりす公園,suginami_park_matsu
PT0193-00-0029,マツ,139.6108697,35.69415917,公園樹木（杉並区）,宮前公園,suginami_park_matsu
PT0193-00-0045,マツ,139.6107951,35.69411569,公園樹木（杉並区）,宮前公園,suginami_park_matsu
PT0193-00-0051,マツ,139.610789,35.69408767,公園樹木（杉並区）,宮前公園,suginami_park_matsu
PT0193-00-0055,マツ,139.6111004,35.69408214,公園樹木（杉並区）,宮前公園,suginami_park_matsu
PT0193-00-0070,マツ,139.6111066,35.69404244,公園樹木（杉並区）,宮前公園,suginami_park_matsu
PT0199-00-0003,アカマツ,139.6352979,35.68988708,公園樹木（杉並区）,成三公園,suginami_park_matsu
PT0213-00-0465,アカマツ,139.6134832,35.72732972,公園樹木（杉並区）,井草森公園,suginami_park_matsu
PT0213-00-0678,アカマツ,139.6132667,35.72697939,公園樹木（杉並区）,井草森公園,suginami_park_matsu
PT0213-00-0681,アカマツ,139.613335,35.72697664,公園樹木（杉並区）,井草森公園,suginami_park_matsu
PT0213-00-0684,アカマツ,139.6130854,35.72697208,公園樹木（杉並区）,井草森公園,suginami_park_matsu
PT0213-00-0736,アカマツ,139.6128885,35.72689153,公園樹木（杉並区）,井草森公園,suginami_park_matsu
PT0239-00-0028,マツ,139.6255319,35.67946528,公園樹木（杉並区）,柏の宮公園,suginami_park_matsu
PT0239-00-0029,マツ,139.6256289,35.67946294,公園樹木（杉並区）,柏の宮公園,suginami_park_matsu
PT0239-00-0031,マツ,139.6255057,35.67944336,公園樹木（杉並区）,柏の宮公園,suginami_park_matsu
PT0239-00-0034,マツ,139.6255525,35.67941514,公園樹木（杉並区）,柏の宮公園,suginami_park_matsu
PT0239-00-0035,マツ,139.6254816,35.67941136,公園樹木（杉並区）,柏の宮公園,suginami_park_matsu
PT0239-00-0036,マツ,139.6255786,35.67940169,公園樹木（杉並区）,柏の宮公園,suginami_park_matsu
PT0239-00-0037,マツ,139.6254968,35.67936864,公園樹木（杉並区）,柏の宮公園,suginami_park_matsu
PT0239-00-0039,マツ,139.625574,35.67936519,公園樹木（杉並区）,柏の宮公園,suginami_park_matsu
PT0239-00-0040,マツ,139.6255878,35.67933775,公園樹木（杉並区）,柏の宮公園,suginami_park_matsu
PT0239-00-0042,マツ,139.6256109,35.67930614,公園樹木（杉並区）,柏の宮公園,suginami_park_matsu
PT0239-00-0092,マツ,139.6254374,35.67896064,公園樹木（杉並区）,柏の宮公園,suginami_park_matsu
PT0239-00-0098,マツ,139.6254344,35.67893644,公園樹木（杉並区）,柏の宮公園,suginami_park_matsu
PT0239-00-0171,マツ,139.6269157,35.67871289,公園樹木（杉並区）,柏の宮公園,suginami_park_matsu
PT0239-00-0174,マツ,139.6269301,35.67870703,公園樹木（杉並区）,柏の宮公園,suginami_park_matsu
PT0239-00-0180,マツ,139.626936,35.67869947,公園樹木（杉並区）,柏の宮公園,suginami_park_matsu
PT0239-00-0207,マツ,139.6270502,35.67862833,公園樹木（杉並区）,柏の宮公園,suginami_park_matsu
PT0239-00-0286,マツ,139.6272299,35.67846772,公園樹木（杉並区）,柏の宮公園,suginami_park_matsu
PT0239-00-0859,マツ,139.6267352,35.67757453,公園樹木（杉並区）,柏の宮公園,suginami_park_matsu
PT0239-00-1125,アカマツ,139.6254774,35.67709717,公園樹木（杉並区）,柏の宮公園,suginami_park_matsu
PT0245-00-0008,マツ,139.621385,35.708865,公園樹木（杉並区）,天沼弁天池公園,suginami_park_matsu
PT0245-00-0010,マツ,139.6213497,35.70885333,公園樹木（杉並区）,天沼弁天池公園,suginami_park_matsu
PT0245-00-0016,アカマツ,139.6211973,35.70876222,公園樹木（杉並区）,天沼弁天池公園,suginami_park_matsu
PT0245-00-0019,アカマツ,139.6211898,35.70873581,公園樹木（杉並区）,天沼弁天池公園,suginami_park_matsu
PT0245-00-0049,マツ,139.6213136,35.70851847,公園樹木（杉並区）,天沼弁天池公園,suginami_park_matsu
PT0245-00-0064,マツ,139.6213379,35.70845797,公園樹木（杉並区）,天沼弁天池公園,suginami_park_matsu
PT0245-00-0075,マツ,139.6212569,35.70844428,公園樹木（杉並区）,天沼弁天池公園,suginami_park_matsu
PT0249-00-0011,アカマツ,139.6275361,35.69094364,公園樹木（杉並区）,成田西切通し緑地,suginami_park_matsu
PT0249-00-0049,アカマツ,139.6275312,35.69078189,公園樹木（杉並区）,成田西切通し緑地,suginami_park_matsu
PT0251-00-0005,アカマツ,139.6246514,35.69882231,公園樹木（杉並区）,角川庭園,suginami_park_matsu
PT0251-00-0007,アカマツ,139.6246765,35.69880989,公園樹木（杉並区）,角川庭園,suginami_park_matsu
PT0251-00-0008,アカマツ,139.6246339,35.69880081,公園樹木（杉並区）,角川庭園,suginami_park_matsu
PT0251-00-0009,アカマツ,139.6246594,35.69879822,公園樹木（杉並区）,角川庭園,suginami_park_matsu
PT0251-00-0012,アカマツ,139.6246765,35.69878411,公園樹木（杉並区）,角川庭園,suginami_park_matsu
PT0251-00-0014,アカマツ,139.6246415,35.69877572,公園樹木（杉並区）,角川庭園,suginami_park_matsu
PT0251-00-0021,アカマツ,139.6246367,35.69875683,公園樹木（杉並区）,角川庭園,suginami_park_matsu
PT0251-00-0022,アカマツ,139.6246691,35.69875247,公園樹木（杉並区）,角川庭園,suginami_park_matsu
PT0251-00-0023,アカマツ,139.6245575,35.69874839,公園樹木（杉並区）,角川庭園,suginami_park_matsu
PT0251-00-0026,アカマツ,139.6246259,35.69873303,公園樹木（杉並区）,角川庭園,suginami_park_matsu
PT0251-00-0027,アカマツ,139.6245515,35.69872942,公園樹木（杉並区）,角川庭園,suginami_park_matsu
PT0251-00-0039,アカマツ,139.6243864,35.69871311,公園樹木（杉並区）,角川庭園,suginami_park_matsu
PT0251-00-0053,アカマツ,139.6243415,35.698677,公園樹木（杉並区）,角川庭園,suginami_park_matsu
PT0251-00-0068,アカマツ,139.6243706,35.698652,公園樹木（杉並区）,角川庭園,suginami_park_matsu
PT0251-00-0077,アカマツ,139.6243725,35.69864189,公園樹木（杉並区）,角川庭園,suginami_park_matsu
PT0251-00-0085,アカマツ,139.6243016,35.69862147,公園樹木（杉並区）,角川庭園,suginami_park_matsu
PT0253-00-0001,マツ,139.5980684,35.70803133,公園樹木（杉並区）,坂の上のけやき公園,suginami_park_matsu
PT0254-01-0205,アカマツ,139.6231493,35.68020633,公園樹木（杉並区）,三井の森公園,suginami_park_matsu
PT0254-01-0226,アカマツ,139.6231468,35.68017367,公園樹木（杉並区）,三井の森公園,suginami_park_matsu
PT0254-01-0435,アカマツ,139.6225756,35.67948583,公園樹木（杉並区）,三井の森公園,suginami_park_matsu
PT0254-01-0437,アカマツ,139.6229108,35.67948383,公園樹木（杉並区）,三井の森公園,suginami_park_matsu
PT0254-01-0442,アカマツ,139.6227352,35.67945828,公園樹木（杉並区）,三井の森公園,suginami_park_matsu
PT0254-02-0043,アカマツ,139.6239372,35.67871458,公園樹木（杉並区）,三井の森公園,suginami_park_matsu
PT0254-02-0080,アカマツ,139.6240823,35.67864933,公園樹木（杉並区）,三井の森公園,suginami_park_matsu
PT0254-02-0097,アカマツ,139.6241462,35.67861061,公園樹木（杉並区）,三井の森公園,suginami_park_matsu
PT0254-02-0121,アカマツ,139.6242333,35.67855064,公園樹木（杉並区）,三井の森公園,suginami_park_matsu
PT0254-02-0133,アカマツ,139.6242788,35.67851731,公園樹木（杉並区）,三井の森公園,suginami_park_matsu
PT0254-02-0134,アカマツ,139.6243044,35.67850961,公園樹木（杉並区）,三井の森公園,suginami_park_matsu
PT0254-02-0136,アカマツ,139.62433,35.67850367,公園樹木（杉並区）,三井の森公園,suginami_park_matsu
PT0254-02-0141,アカマツ,139.6243226,35.67849586,公園樹木（杉並区）,三井の森公園,suginami_park_matsu
PT0256-00-0006,ゴヨウマツ,139.6404896,35.71147597,公園樹木（杉並区）,Aさんの庭,suginami_park_matsu
PT0267-00-0002,クロマツ,139.6344656,35.68183378,公園樹木（杉並区）,浜田山四丁目緑地,suginami_park_matsu
PT0267-00-0003,マツ,139.6344419,35.68173144,公園樹木（杉並区）,浜田山四丁目緑地,suginami_park_matsu
PT0273-00-0021,クロマツ,139.6426757,35.68234633,公園樹木（杉並区）,大宮の杜緑地,suginami_park_matsu
PT0273-00-0039,クロマツ,139.6426567,35.68230622,公園樹木（杉並区）,大宮の杜緑地,suginami_park_matsu
PT0273-00-0076,アカマツ,139.6424213,35.68222614,公園樹木（杉並区）,大宮の杜緑地,suginami_park_matsu
PT0273-00-0150,アカマツ,139.6423459,35.68211478,公園樹木（杉並区）,大宮の杜緑地,suginami_park_matsu
PT0273-00-0162,アカマツ,139.6427992,35.68208097,公園樹木（杉並区）,大宮の杜緑地,suginami_park_matsu
PT0306-00-0019,アカマツ,139.6271614,35.714643,公園樹木（杉並区）,天沼児童遊園,suginami_park_matsu
PT0346-00-0008,アカマツ,139.639717,35.71388236,公園樹木（杉並区）,阿佐谷北第二児童遊園,suginami_park_matsu
PT0346-00-0019,アカマツ,139.6395989,35.71376608,公園樹木（杉並区）,阿佐谷北第二児童遊園,suginami_park_matsu
PT0347-00-0011,マツ,139.6561156,35.70818014,公園樹木（杉並区）,高円寺北一児童遊園,suginami_park_matsu
PT1108-00-0032,マツ,139.6219748,35.699342,公園樹木（杉並区）,荻窪二丁目緑地,suginami_park_matsu
PT1108-00-0033,マツ,139.6219929,35.69933678,公園樹木（杉並区）,荻窪二丁目緑地,suginami_park_matsu
PT1108-00-0036,マツ,139.6220458,35.69932689,公園樹木（杉並区）,荻窪二丁目緑地,suginami_park_matsu
PT1108-00-0037,マツ,139.6220644,35.69932536,公園樹木（杉並区）,荻窪二丁目緑地,suginami_park_matsu
PT1108-00-0043,マツ,139.6220784,35.69931692,公園樹木（杉並区）,荻窪二丁目緑地,suginami_park_matsu
PT1108-00-0045,マツ,139.6221124,35.69930964,公園樹木（杉並区）,荻窪二丁目緑地,suginami_park_matsu
PT1108-00-0052,マツ,139.6221799,35.69929658,公園樹木（杉並区）,荻窪二丁目緑地,suginami_park_matsu
PT1108-00-0055,マツ,139.6221992,35.69929242,公園樹木（杉並区）,荻窪二丁目緑地,suginami_park_matsu
PT1108-00-0058,マツ,139.6222378,35.69928594,公園樹木（杉並区）,荻窪二丁目緑地,suginami_park_matsu
PT1108-00-0077,マツ,139.622166,35.69921828,公園樹木（杉並区）,荻窪二丁目緑地,suginami_park_matsu
PT1108-00-0079,マツ,139.6221939,35.69920886,公園樹木（杉並区）,荻窪二丁目緑地,suginami_park_matsu
PT1108-00-0080,マツ,139.6222199,35.69920864,公園樹木（杉並区）,荻窪二丁目緑地,suginami_park_matsu
PT1108-00-0242,マツ,139.6227131,35.69893233,公園樹木（杉並区）,荻窪二丁目緑地,suginami_park_matsu
PT1108-00-0253,クロマツ,139.622135,35.69890067,公園樹木（杉並区）,荻窪二丁目緑地,suginami_park_matsu
PT1108-00-0258,マツ,139.622101,35.69889367,公園樹木（杉並区）,荻窪二丁目緑地,suginami_park_matsu
PT1108-00-0281,マツ,139.6226412,35.69886742,公園樹木（杉並区）,荻窪二丁目緑地,suginami_park_matsu
PT1108-00-0294,アカマツ,139.6226266,35.69885761,公園樹木（杉並区）,荻窪二丁目緑地,suginami_park_matsu
PT1108-00-0298,マツ,139.6221226,35.69885039,公園樹木（杉並区）,荻窪二丁目緑地,suginami_park_matsu
PT1108-00-0312,アカマツ,139.6220708,35.6988395,公園樹木（杉並区）,荻窪二丁目緑地,suginami_park_matsu
PT1108-00-0325,マツ,139.6220178,35.6988285,公園樹木（杉並区）,荻窪二丁目緑地,suginami_park_matsu
PT1108-00-0336,アカマツ,139.6221226,35.69882175,公園樹木（杉並区）,荻窪二丁目緑地,suginami_park_matsu
PT1108-00-0352,マツ,139.6221543,35.6988075,公園樹木（杉並区）,荻窪二丁目緑地,suginami_park_matsu
PT1108-00-0372,マツ,139.6221412,35.69879122,公園樹木（杉並区）,荻窪二丁目緑地,suginami_park_matsu
PT1108-00-0400,マツ,139.6226372,35.69875575,公園樹木（杉並区）,荻窪二丁目緑地,suginami_park_matsu
PT1108-00-0413,アカマツ,139.622023,35.69873856,公園樹木（杉並区）,荻窪二丁目緑地,suginami_park_matsu
PT1108-00-0415,マツ,139.6226072,35.69873681,公園樹木（杉並区）,荻窪二丁目緑地,suginami_park_matsu
PT1108-00-0421,マツ,139.6224662,35.69872556,公園樹木（杉並区）,荻窪二丁目緑地,suginami_park_matsu
PT1108-00-0422,マツ,139.6224384,35.6987235,公園樹木（杉並区）,荻窪二丁目緑地,suginami_park_matsu
PT1108-00-0427,マツ,139.6225278,35.69871556,公園樹木（杉並区）,荻窪二丁目緑地,suginami_park_matsu
PT1108-00-0428,マツ,139.6224927,35.69871517,公園樹木（杉並区）,荻窪二丁目緑地,suginami_park_matsu
PT1108-00-0430,アカマツ,139.6220745,35.69870197,公園樹木（杉並区）,荻窪二丁目緑地,suginami_park_matsu
PT1108-00-0431,マツ,139.6225772,35.69869458,公園樹木（杉並区）,荻窪二丁目緑地,suginami_park_matsu
PT2003-00-0028,ゴヨウマツ,139.594689,35.71860147,公園樹木（杉並区）,山葉名いこいの森,suginami_park_matsu
PT0004-01-0004,コナラ,139.640144083337,35.6872571109667,公園樹木（杉並区）,和田堀公園,suginami_park_nara
PT0004-01-0005,コナラ,139.64015516667,35.6872520554113,公園樹木（杉並区）,和田堀公園,suginami_park_nara
PT0004-01-0006,コナラ,139.640243805557,35.68724858319,公園樹木（杉並区）,和田堀公園,suginami_park_nara
PT0004-01-0007,コナラ,139.64011191667,35.6872466109663,公園樹木（杉並区）,和田堀公園,suginami_park_nara
PT0004-01-0009,コナラ,139.640243166669,35.6872344443011,公園樹木（杉並区）,和田堀公園,suginami_park_nara
PT0004-01-0010,コナラ,139.640081472226,35.6872333054104,公園樹木（杉並区）,和田堀公園,suginami_park_nara
PT0004-01-0011,コナラ,139.640168388892,35.687232860967,公園樹木（杉並区）,和田堀公園,suginami_park_nara
PT0004-01-0012,コナラ,139.64011266667,35.6872237498552,公園樹木（杉並区）,和田堀公園,suginami_park_nara
PT0004-01-0017,コナラ,139.640137000003,35.6871799998555,公園樹木（杉並区）,和田堀公園,suginami_park_nara
PT0004-01-0025,コナラ,139.640135333336,35.6871514720775,公園樹木（杉並区）,和田堀公園,suginami_park_nara
PT0004-01-0026,コナラ,139.640113833337,35.6871392498551,公園樹木（杉並区）,和田堀公園,suginami_park_nara
PT0004-01-0027,コナラ,139.640099055559,35.6871389720771,公園樹木（杉並区）,和田堀公園,suginami_park_nara
PT0004-01-0028,コナラ,139.640115694448,35.6871231942995,公園樹木（杉並区）,和田堀公園,suginami_park_nara
PT0004-01-0035,コナラ,139.640151194447,35.6870838331887,公園樹木（杉並区）,和田堀公園,suginami_park_nara
PT0004-01-0037,コナラ,139.640133083336,35.6870674720774,公園樹木（杉並区）,和田堀公園,suginami_park_nara
PT0004-01-0039,コナラ,139.639945000005,35.6870567776309,公園樹木（杉並区）,和田堀公園,suginami_park_nara
PT0004-01-0041,コナラ,139.639926111117,35.6870517220751,公園樹木（杉並区）,和田堀公園,suginami_park_nara
PT0004-01-0042,コナラ,139.639935388895,35.6870413609641,公園樹木（杉並区）,和田堀公園,suginami_park_nara
PT0004-01-0046,コナラ,139.639929388895,35.6870240554083,公園樹木（杉並区）,和田堀公園,suginami_park_nara
PT0004-01-0047,コナラ,139.640008666671,35.6870184442982,公園樹木（杉並区）,和田堀公園,suginami_park_nara
PT0004-01-0049,コナラ,139.639990833338,35.6870073887423,公園樹木（杉並区）,和田堀公園,suginami_park_nara
PT0004-01-0051,コナラ,139.639925388895,35.6870017498527,公園樹木（杉並区）,和田堀公園,suginami_park_nara
PT0004-01-0060,コナラ,139.639824333341,35.6869533887405,公園樹木（杉並区）,和田堀公園,suginami_park_nara
PT0004-01-0062,コナラ,139.639835222229,35.6869434165183,公園樹木（杉並区）,和田堀公園,suginami_park_nara
PT0004-01-0063,コナラ,139.63982622223,35.6869355554071,公園樹木（杉並区）,和田堀公園,suginami_park_nara
PT0004-01-0074,コナラ,139.639925472227,35.6868422498525,公園樹木（杉並区）,和田堀公園,suginami_park_nara
PT0004-01-0082,コナラ,139.640094083336,35.686794027632,公園樹木（杉並区）,和田堀公園,suginami_park_nara
PT0004-01-0093,コナラ,139.640099666669,35.6867067776319,公園樹木（杉並区）,和田堀公園,suginami_park_nara
PT0004-01-0098,コナラ,139.639889000006,35.6866744442963,公園樹木（杉並区）,和田堀公園,suginami_park_nara
PT0004-01-0133,コナラ,139.6400476389,35.6863836665174,公園樹木（杉並区）,和田堀公園,suginami_park_nara
PT0004-01-0139,コナラ,139.640058555567,35.6863564998507,公園樹木（杉並区）,和田堀公園,suginami_park_nara
PT0004-01-0148,コナラ,139.639951333346,35.6863131109605,公園樹木（杉並区）,和田堀公園,suginami_park_nara
PT0004-01-0150,コナラ,139.63995266668,35.6863024998493,公園樹木（杉並区）,和田堀公園,suginami_park_nara
PT0004-01-0156,コナラ,139.640040583345,35.6862774720723,公園樹木（杉並区）,和田堀公園,suginami_park_nara
PT0004-01-0157,コナラ,139.640025611122,35.6862709720721,公園樹木（杉並区）,和田堀公園,suginami_park_nara
PT0004-01-0158,コナラ,139.640062972233,35.6862641109614,公園樹木（杉並区）,和田堀公園,suginami_park_nara
PT0004-01-0210,コナラ,139.640214361118,35.6859579720728,公園樹木（杉並区）,和田堀公園,suginami_park_nara
PT0004-01-0214,コナラ,139.640230194451,35.6859440554062,公園樹木（杉並区）,和田堀公園,suginami_park_nara
PT0004-01-0216,コナラ,139.640211777784,35.6859379442949,公園樹木（杉並区）,和田堀公園,suginami_park_nara
PT0004-01-0257,コナラ,139.640278500005,35.6858566387397,公園樹木（杉並区）,和田堀公園,suginami_park_nara
PT0004-01-0258,コナラ,139.640318861116,35.6858553609624,公園樹木（杉並区）,和田堀公園,suginami_park_nara
PT0004-01-0260,コナラ,139.640300500005,35.6858370554065,公園樹木（杉並区）,和田堀公園,suginami_park_nara
PT0004-01-0263,コナラ,139.64034116667,35.6858043054068,公園樹木（杉並区）,和田堀公園,suginami_park_nara
PT0004-01-0267,コナラ,139.640375638892,35.6857819442961,公園樹木（杉並区）,和田堀公園,suginami_park_nara
PT0004-01-0269,コナラ,139.640392888892,35.6857662776295,公園樹木（杉並区）,和田堀公園,suginami_park_nara
PT0004-01-0285,コナラ,139.640721444442,35.6856669165217,公園樹木（杉並区）,和田堀公園,suginami_park_nara
PT0004-01-0288,コナラ,139.640602777777,35.6856604720758,公園樹木（杉並区）,和田堀公園,suginami_park_nara
PT0004-01-0296,コナラ,139.640601527777,35.6856137220756,公園樹木（杉並区）,和田堀公園,suginami_park_nara
PT0004-01-0299,コナラ,139.640641027776,35.6855958331871,公園樹木（杉並区）,和田堀公園,suginami_park_nara
PT0004-01-0301,コナラ,139.640747194441,35.685557860966,公園樹木（杉並区）,和田堀公園,suginami_park_nara
PT0004-01-0302,コナラ,139.640650833331,35.6855542220759,公園樹木（杉並区）,和田堀公園,suginami_park_nara
PT0004-01-0307,コナラ,139.640682249997,35.6855112776317,公園樹木（杉並区）,和田堀公園,suginami_park_nara
PT0004-01-0308,コナラ,139.640765888885,35.6855089165215,公園樹木（杉並区）,和田堀公園,suginami_park_nara
PT0004-01-0314,コナラ,139.640773222217,35.6854748609658,公園樹木（杉並区）,和田堀公園,suginami_park_nara
PT0004-01-0320,コナラ,139.640774611106,35.6854131387433,公園樹木（杉並区）,和田堀公園,suginami_park_nara
PT0004-01-0326,コナラ,139.640772999995,35.6853805554099,公園樹木（杉並区）,和田堀公園,suginami_park_nara
PT0004-01-0329,コナラ,139.640693527774,35.68536266652,公園樹木（杉並区）,和田堀公園,suginami_park_nara
PT0004-01-0347,コナラ,139.640745166662,35.6852281942978,公園樹木（杉並区）,和田堀公園,suginami_park_nara
PT0004-01-0402,コナラ,139.641040194433,35.6849901109668,公園樹木（杉並区）,和田堀公園,suginami_park_nara
PT0004-01-0404,コナラ,139.64109047221,35.684988777634,公園樹木（杉並区）,和田堀公園,suginami_park_nara
PT0004-01-0415,コナラ,139.640984777768,35.6849724998549,公園樹木（杉並区）,和田堀公園,suginami_park_nara
PT0012-00-0024,コナラ,139.600047777868,35.7196809443618,公園樹木（杉並区）,三谷公園,suginami_park_nara
PT0012-00-0028,コナラ,139.600010583424,35.7196566388065,公園樹木（杉並区）,三谷公園,suginami_park_nara
PT0016-06-0035,コナラ,139.633561694543,35.669836333082,公園樹木（杉並区）,玉川上水第二公園,suginami_park_nara
PT0016-06-0056,コナラ,139.633914944547,35.6697701108523,公園樹木（杉並区）,玉川上水第二公園,suginami_park_nara
PT0016-06-0064,コナラ,139.634103000105,35.6697413886262,公園樹木（杉並区）,玉川上水第二公園,suginami_park_nara
PT0017-16-0001,コナラ,139.653899638848,35.7019145276702,公園樹木（杉並区）,桃園川緑道,suginami_park_nara
PT0017-16-0002,コナラ,139.654135083292,35.7018737221154,公園樹木（杉並区）,桃園川緑道,suginami_park_nara
PT0018-00-0069,コナラ,139.6059688333,35.6963702776998,公園樹木（杉並区）,大宮前公園,suginami_park_nara
PT0018-00-0085,コナラ,139.6058828333,35.6963358610336,公園樹木（杉並区）,大宮前公園,suginami_park_nara
PT0018-00-0088,コナラ,139.605902555523,35.6963353888114,公園樹木（杉並区）,大宮前公園,suginami_park_nara
PT0018-00-0128,コナラ,139.605975638857,35.6962101388122,公園樹木（杉並区）,大宮前公園,suginami_park_nara
PT0018-00-0137,コナラ,139.60587397219,35.6961829165905,公園樹木（杉並区）,大宮前公園,suginami_park_nara
PT0018-00-0139,コナラ,139.606067055523,35.6961791388121,公園樹木（杉並区）,大宮前公園,suginami_park_nara
PT0018-00-0142,コナラ,139.605897111079,35.6961719721461,公園樹木（杉並区）,大宮前公園,suginami_park_nara
PT0022-00-0088,コナラ,139.597513416708,35.7087787775535,公園樹木（杉並区）,井荻公園,suginami_park_nara
PT0022-00-0119,コナラ,139.597625111151,35.708462305335,公園樹木（杉並区）,井荻公園,suginami_park_nara
PT0022-00-0120,コナラ,139.597712027817,35.708452333114,公園樹木（杉並区）,井荻公園,suginami_park_nara
PT0031-03-0133,コナラ,139.638965833412,35.6683262219938,公園樹木（杉並区）,玉川上水第三公園,suginami_park_nara
PT0031-03-0191,コナラ,139.639329638965,35.6681476386651,公園樹木（杉並区）,玉川上水第三公園,suginami_park_nara
PT0031-03-0293,コナラ,139.640282888959,35.6679167220084,公園樹木（杉並区）,玉川上水第三公園,suginami_park_nara
PT0032-00-0004,コナラ,139.658903749902,35.696328305343,公園樹木（杉並区）,和田北公園,suginami_park_nara
PT0035-00-0015,コナラ,139.631904583378,35.6889248887074,公園樹木（杉並区）,杉並児童交通公園,suginami_park_nara
PT0035-00-0146,コナラ,139.631611388941,35.6883188887129,公園樹木（杉並区）,杉並児童交通公園,suginami_park_nara
PT0035-00-0151,コナラ,139.631696222275,35.688298388712,公園樹木（杉並区）,杉並児童交通公園,suginami_park_nara
PT0035-00-0152,コナラ,139.631608138941,35.6882939720464,公園樹木（杉並区）,杉並児童交通公園,suginami_park_nara
PT0035-00-0154,コナラ,139.63168366672,35.6882853053788,公園樹木（杉並区）,杉並児童交通公園,suginami_park_nara
PT0035-00-0157,コナラ,139.631719111164,35.6882848053783,公園樹木（杉並区）,杉並児童交通公園,suginami_park_nara
PT0035-00-0159,コナラ,139.631670611165,35.688276055379,公園樹木（杉並区）,杉並児童交通公園,suginami_park_nara
PT0035-00-0160,コナラ,139.631700194498,35.6882731664897,公園樹木（杉並区）,杉並児童交通公園,suginami_park_nara
PT0035-00-0174,コナラ,139.631814722276,35.688232472044,公園樹木（杉並区）,杉並児童交通公園,suginami_park_nara
PT0035-00-0179,コナラ,139.631713361166,35.6882174720453,公園樹木（杉並区）,杉並児童交通公園,suginami_park_nara
PT0035-00-0186,コナラ,139.63171005561,35.6881964164899,公園樹木（杉並区）,杉並児童交通公園,suginami_park_nara
PT0035-00-0189,コナラ,139.631947722278,35.688187277598,公園樹木（杉並区）,杉並児童交通公園,suginami_park_nara
PT0035-00-0192,コナラ,139.631714000055,35.6881692776011,公園樹木（杉並区）,杉並児童交通公園,suginami_park_nara
PT0035-00-0201,コナラ,139.63192633339,35.6881510275984,公園樹木（杉並区）,杉並児童交通公園,suginami_park_nara
PT0035-00-0202,コナラ,139.631681333389,35.6881489164904,公園樹木（杉並区）,杉並児童交通公園,suginami_park_nara
PT0035-00-0204,コナラ,139.632083222279,35.6881473609299,公園樹木（杉並区）,杉並児童交通公園,suginami_park_nara
PT0035-00-0207,コナラ,139.631704861166,35.6881385276013,公園樹木（杉並区）,杉並児童交通公園,suginami_park_nara
PT0035-00-0212,コナラ,139.631797055611,35.6881348887112,公園樹木（杉並区）,杉並児童交通公園,suginami_park_nara
PT0035-00-0213,コナラ,139.63191708339,35.6881301109319,公園樹木（杉並区）,杉並児童交通公園,suginami_park_nara
PT0035-00-0218,コナラ,139.631811583389,35.6881166664889,公園樹木（杉並区）,杉並児童交通公園,suginami_park_nara
PT0035-00-0220,コナラ,139.631785361167,35.6881122220448,公園樹木（杉並区）,杉並児童交通公園,suginami_park_nara
PT0035-00-0222,コナラ,139.631832472279,35.6881098331553,公園樹木（杉並区）,杉並児童交通公園,suginami_park_nara
PT0035-00-0224,コナラ,139.631653027834,35.6880829442687,公園樹木（杉並区）,杉並児童交通公園,suginami_park_nara
PT0035-00-0231,コナラ,139.631715916724,35.6880268609348,公園樹木（杉並区）,杉並児童交通公園,suginami_park_nara
PT0035-00-0244,コナラ,139.631878694502,35.687998472044,公園樹木（杉並区）,杉並児童交通公園,suginami_park_nara
PT0035-00-0251,コナラ,139.631906416725,35.6879819998214,公園樹木（杉並区）,杉並児童交通公園,suginami_park_nara
PT0035-00-0253,コナラ,139.63184761117,35.6879712498222,公園樹木（杉並区）,杉並児童交通公園,suginami_park_nara
PT0035-00-0256,コナラ,139.631834527836,35.6879659164891,公園樹木（杉並区）,杉並児童交通公園,suginami_park_nara
PT0057-00-0015,コナラ,139.613586305529,35.6894791943645,公園樹木（杉並区）,高井戸西公園,suginami_park_nara
PT0057-00-0020,コナラ,139.613586527752,35.6894394999202,公園樹木（杉並区）,高井戸西公園,suginami_park_nara
PT0057-00-0024,コナラ,139.613564277752,35.689386805476,公園樹木（杉並区）,高井戸西公園,suginami_park_nara
PT0057-00-0036,コナラ,139.61351216664,35.6892393054768,公園樹木（杉並区）,高井戸西公園,suginami_park_nara
PT0057-00-0084,コナラ,139.61354205553,35.6889991110336,公園樹木（杉並区）,高井戸西公園,suginami_park_nara
PT0057-00-0091,コナラ,139.613535277752,35.6889622777005,公園樹木（杉並区）,高井戸西公園,suginami_park_nara
PT0069-00-0027,コナラ,139.657901138884,35.7062751943299,公園樹木（杉並区）,たかはら公園,suginami_park_nara
PT0069-00-0030,コナラ,139.657892027773,35.7062608609968,公園樹木（杉並区）,たかはら公園,suginami_park_nara
PT0069-00-0035,コナラ,139.658038833328,35.7062194443311,公園樹木（杉並区）,たかはら公園,suginami_park_nara
PT0069-00-0036,コナラ,139.657874361105,35.7062101387755,公園樹木（杉並区）,たかはら公園,suginami_park_nara
PT0069-00-0039,コナラ,139.658031194439,35.7061798054429,公園樹木（杉並区）,たかはら公園,suginami_park_nara
PT0069-00-0048,コナラ,139.658102861106,35.7061458054437,公園樹木（杉並区）,たかはら公園,suginami_park_nara
PT0069-00-0075,コナラ,139.657905666658,35.7059566110029,公園樹木（杉並区）,たかはら公園,suginami_park_nara
PT0069-00-0079,コナラ,139.657906222214,35.7059200832259,公園樹木（杉並区）,たかはら公園,suginami_park_nara
PT0069-00-0089,コナラ,139.657908083324,35.705816333228,公園樹木（杉並区）,たかはら公園,suginami_park_nara
PT0073-00-0013,コナラ,139.621740083278,35.695248138742,公園樹木（杉並区）,松渓公園,suginami_park_nara
PT0073-00-0015,コナラ,139.621714222166,35.6952434442976,公園樹木（杉並区）,松渓公園,suginami_park_nara
PT0073-00-0018,コナラ,139.621672083277,35.6952186665197,公園樹木（杉並区）,松渓公園,suginami_park_nara
PT0073-00-0036,コナラ,139.621661361056,35.6951464720742,公園樹木（杉並区）,松渓公園,suginami_park_nara
PT0073-00-0038,コナラ,139.622048583278,35.6951438054056,公園樹木（杉並区）,松渓公園,suginami_park_nara
PT0073-00-0042,コナラ,139.621392638835,35.6951297498531,公園樹木（杉並区）,松渓公園,suginami_park_nara
PT0073-00-0043,コナラ,139.62164669439,35.6951296665185,公園樹木（杉並区）,松渓公園,suginami_park_nara
PT0073-00-0046,コナラ,139.621348222168,35.6951233331865,公園樹木（杉並区）,松渓公園,suginami_park_nara
PT0073-00-0051,コナラ,139.621367083279,35.6951211665198,公園樹木（杉並区）,松渓公園,suginami_park_nara
PT0073-00-0053,コナラ,139.621402777724,35.695113860964,公園樹木（杉並区）,松渓公園,suginami_park_nara
PT0073-00-0060,コナラ,139.621658083279,35.6950998609624,公園樹木（杉並区）,松渓公園,suginami_park_nara
PT0073-00-0063,コナラ,139.621712638834,35.695087472073,公園樹木（杉並区）,松渓公園,suginami_park_nara
PT0073-00-0064,コナラ,139.621629888835,35.6950815554067,公園樹木（杉並区）,松渓公園,suginami_park_nara
PT0073-00-0073,コナラ,139.621661638835,35.6950609998507,公園樹木（杉並区）,松渓公園,suginami_park_nara
PT0073-00-0075,コナラ,139.621300166613,35.6950566109636,公園樹木（杉並区）,松渓公園,suginami_park_nara
PT0073-00-0084,コナラ,139.621652333279,35.6950308609614,公園樹木（杉並区）,松渓公園,suginami_park_nara
PT0073-00-0091,コナラ,139.621649138835,35.6950091387389,公園樹木（杉並区）,松渓公園,suginami_park_nara
PT0073-00-0098,コナラ,139.621267611058,35.694982833185,公園樹木（杉並区）,松渓公園,suginami_park_nara
PT0073-00-0100,コナラ,139.622077722169,35.6949744165141,公園樹木（杉並区）,松渓公園,suginami_park_nara
PT0073-00-0101,コナラ,139.621277444391,35.6949685554069,公園樹木（杉並区）,松渓公園,suginami_park_nara
PT0073-00-0111,コナラ,139.62209933328,35.6949454998469,公園樹木（杉並区）,松渓公園,suginami_park_nara
PT0073-00-0124,コナラ,139.621299805503,35.6949168887394,公園樹木（杉並区）,松渓公園,suginami_park_nara
PT0073-00-0125,コナラ,139.621820722169,35.6949173887367,公園樹木（杉並区）,松渓公園,suginami_park_nara
PT0073-00-0139,コナラ,139.621468527727,35.6948663054043,公園樹木（杉並区）,松渓公園,suginami_park_nara
PT0077-00-0006,コナラ,139.607905305516,35.6807987220399,公園樹木（杉並区）,昭栄公園,suginami_park_nara
PT0077-00-0052,コナラ,139.608266861067,35.6802978887011,公園樹木（杉並区）,昭栄公園,suginami_park_nara
PT0077-00-0060,コナラ,139.608294916623,35.6802733331454,公園樹木（杉並区）,昭栄公園,suginami_park_nara
PT0077-00-0061,コナラ,139.60825083329,35.6802689164785,公園樹木（杉並区）,昭栄公園,suginami_park_nara
PT0092-00-0003,コナラ,139.611038166636,35.6929339999093,公園樹木（杉並区）,大善公園,suginami_park_nara
PT0092-00-0022,コナラ,139.61116824997,35.6927816943537,公園樹木（杉並区）,大善公園,suginami_park_nara
PT0098-00-0006,コナラ,139.6422749723,35.6694936664454,公園樹木（杉並区）,ひまわり公園,suginami_park_nara
PT0098-00-0009,コナラ,139.642379722299,35.6694874720017,公園樹木（杉並区）,ひまわり公園,suginami_park_nara
PT0098-00-0010,コナラ,139.642469916744,35.6694845831134,公園樹木（杉並区）,ひまわり公園,suginami_park_nara
PT0098-00-0015,コナラ,139.642414555633,35.669471110891,公園樹木（杉並区）,ひまわり公園,suginami_park_nara
PT0098-00-0018,コナラ,139.642458250076,35.6694586942248,公園樹木（杉並区）,ひまわり公園,suginami_park_nara
PT0098-00-0022,コナラ,139.642167972299,35.6693837775575,公園樹木（杉並区）,ひまわり公園,suginami_park_nara
PT0098-00-0023,コナラ,139.642140750077,35.6693651386688,公園樹木（杉並区）,ひまわり公園,suginami_park_nara
PT0098-00-0025,コナラ,139.642107861188,35.6693413608912,公園樹木（杉並区）,ひまわり公園,suginami_park_nara
PT0099-00-0037,コナラ,139.645261222274,35.670866805353,公園樹木（杉並区）,どんぐり緑地,suginami_park_nara
PT0099-00-0038,コナラ,139.645279361163,35.670850916464,公園樹木（杉並区）,どんぐり緑地,suginami_park_nara
PT0099-00-0039,コナラ,139.645251833386,35.6708403053527,公園樹木（杉並区）,どんぐり緑地,suginami_park_nara
PT0099-00-0040,コナラ,139.645268055607,35.670839527575,公園樹木（杉並区）,どんぐり緑地,suginami_park_nara
PT0099-00-0045,コナラ,139.645186055609,35.670763222018,公園樹木（杉並区）,どんぐり緑地,suginami_park_nara
PT0099-00-0046,コナラ,139.645180666721,35.6707559442401,公園樹木（杉並区）,どんぐり緑地,suginami_park_nara
PT0100-00-0005,コナラ,139.64633677771,35.7072193054427,公園樹木（杉並区）,馬橋北公園,suginami_park_nara
PT0108-00-0009,コナラ,139.608606444406,35.7243205276573,公園樹木（杉並区）,四宮森公園,suginami_park_nara
PT0108-00-0011,コナラ,139.608638805517,35.7243025276567,公園樹木（杉並区）,四宮森公園,suginami_park_nara
PT0108-00-0014,コナラ,139.608608083295,35.7242891665456,公園樹木（杉並区）,四宮森公園,suginami_park_nara
PT0108-00-0017,コナラ,139.608654999962,35.7242686387671,公園樹木（杉並区）,四宮森公園,suginami_park_nara
PT0108-00-0019,コナラ,139.608450083297,35.7242530554346,公園樹木（杉並区）,四宮森公園,suginami_park_nara
PT0108-00-0020,コナラ,139.608488361075,35.7242524998789,公園樹木（杉並区）,四宮森公園,suginami_park_nara
PT0108-00-0022,コナラ,139.608545749963,35.7242468887672,公園樹木（杉並区）,四宮森公園,suginami_park_nara
PT0108-00-0028,コナラ,139.609005222182,35.7242199998749,公園樹木（杉並区）,四宮森公園,suginami_park_nara
PT0108-00-0033,コナラ,139.608890499961,35.7241998054307,公園樹木（杉並区）,四宮森公園,suginami_park_nara
PT0108-00-0037,コナラ,139.608439111077,35.7241712220997,公園樹木（杉並区）,四宮森公園,suginami_park_nara
PT0108-00-0039,コナラ,139.608506249965,35.7241560554323,公園樹木（杉並区）,四宮森公園,suginami_park_nara
PT0108-00-0040,コナラ,139.608261499968,35.724154777656,公園樹木（杉並区）,四宮森公園,suginami_park_nara
PT0108-00-0041,コナラ,139.608385777744,35.7241481665439,公園樹木（杉並区）,四宮森公園,suginami_park_nara
PT0108-00-0042,コナラ,139.608638166632,35.72414544432,公園樹木（杉並区）,四宮森公園,suginami_park_nara
PT0108-00-0043,コナラ,139.608535277743,35.7241400276539,公園樹木（杉並区）,四宮森公園,suginami_park_nara
PT0108-00-0044,コナラ,139.608479305522,35.7241359998764,公園樹木（杉並区）,四宮森公園,suginami_park_nara
PT0108-00-0045,コナラ,139.60858694441,35.7241331387645,公園樹木（杉並区）,四宮森公園,suginami_park_nara
PT0108-00-0048,コナラ,139.608335138857,35.7240892498763,公園樹木（杉並区）,四宮森公園,suginami_park_nara
PT0108-00-0049,コナラ,139.60825536108,35.7240793609878,公園樹木（杉並区）,四宮森公園,suginami_park_nara
PT0108-00-0054,コナラ,139.608187333303,35.7240416109874,公園樹木（杉並区）,四宮森公園,suginami_park_nara
PT0108-00-0056,コナラ,139.608335444413,35.7240323054307,公園樹木（杉並区）,四宮森公園,suginami_park_nara
PT0108-00-0058,コナラ,139.608333944415,35.7239998332078,公園樹木（杉並区）,四宮森公園,suginami_park_nara
PT0108-00-0059,コナラ,139.608213749971,35.7239989998753,公園樹木（杉並区）,四宮森公園,suginami_park_nara
PT0108-00-0060,コナラ,139.608292583304,35.723983166541,公園樹木（杉並区）,四宮森公園,suginami_park_nara
PT0108-00-0061,コナラ,139.608209249971,35.7239749443193,公園樹木（杉並区）,四宮森公園,suginami_park_nara
PT0108-00-0065,コナラ,139.608252444416,35.7239429443183,公園樹木（杉並区）,四宮森公園,suginami_park_nara
PT0115-00-0001,コナラ,139.605533722261,35.7214851387453,公園樹木（杉並区）,瀬戸原緑地,suginami_park_nara
PT0115-00-0003,コナラ,139.605657694483,35.7214591665211,公園樹木（杉並区）,瀬戸原緑地,suginami_park_nara
PT0115-00-0013,コナラ,139.605519277818,35.7214420554115,公園樹木（杉並区）,瀬戸原緑地,suginami_park_nara
PT0117-01-0008,コナラ,139.625121916615,35.6953066387253,公園樹木（杉並区）,天神橋公園,suginami_park_nara
PT0117-01-0009,コナラ,139.625212916615,35.6952647220577,公園樹木（杉並区）,天神橋公園,suginami_park_nara
PT0117-03-0002,コナラ,139.625360222173,35.6948967220522,公園樹木（杉並区）,天神橋公園,suginami_park_nara
PT0117-03-0021,コナラ,139.625368333286,35.6947278053874,公園樹木（杉並区）,天神橋公園,suginami_park_nara
PT0117-03-0023,コナラ,139.625406611065,35.6946171387216,公園樹木（杉並区）,天神橋公園,suginami_park_nara
PT0118-00-0013,コナラ,139.622977194375,35.727041860948,公園樹木（杉並区）,正保公園,suginami_park_nara
PT0118-00-0018,コナラ,139.622859472154,35.7269711942814,公園樹木（杉並区）,正保公園,suginami_park_nara
PT0120-00-0040,コナラ,139.616065277755,35.6908303054666,公園樹木（杉並区）,松宮公園,suginami_park_nara
PT0127-00-0112,コナラ,139.640737916692,35.6960493887578,公園樹木（杉並区）,梅里中央公園,suginami_park_nara
PT0127-00-0118,コナラ,139.640758861137,35.696023166536,公園樹木（杉並区）,梅里中央公園,suginami_park_nara
PT0127-00-0126,コナラ,139.640828888915,35.6960039720927,公園樹木（杉並区）,梅里中央公園,suginami_park_nara
PT0127-00-0129,コナラ,139.640858111137,35.6959958332042,公園樹木（杉並区）,梅里中央公園,suginami_park_nara
PT0127-00-0132,コナラ,139.640886916694,35.6959844720935,公園樹木（杉並区）,梅里中央公園,suginami_park_nara
PT0127-00-0139,コナラ,139.640914111138,35.6959662220941,公園樹木（杉並区）,梅里中央公園,suginami_park_nara
PT0127-00-0146,コナラ,139.640899916693,35.6959458887608,公園樹木（杉並区）,梅里中央公園,suginami_park_nara
PT0127-00-0150,コナラ,139.640894138916,35.6959215554275,公園樹木（杉並区）,梅里中央公園,suginami_park_nara
PT0127-00-0226,コナラ,139.641080138918,35.6957948887644,公園樹木（杉並区）,梅里中央公園,suginami_park_nara
PT0127-00-0256,コナラ,139.640966611139,35.695732944319,公園樹木（杉並区）,梅里中央公園,suginami_park_nara
PT0127-00-0264,コナラ,139.640992916695,35.6957032220974,公園樹木（杉並区）,梅里中央公園,suginami_park_nara
PT0129-00-0015,コナラ,139.61340508338,35.7186988609292,公園樹木（杉並区）,今川一丁目公園,suginami_park_nara
PT0129-00-0031,コナラ,139.613367361159,35.7185276387103,公園樹木（杉並区）,今川一丁目公園,suginami_park_nara
PT0132-00-0007,コナラ,139.617950194446,35.687417583279,公園樹木（杉並区）,高井戸いずみ公園,suginami_park_nara
PT0137-00-0061,コナラ,139.643610499959,35.7101608888181,公園樹木（杉並区）,馬橋公園,suginami_park_nara
PT0137-00-0096,コナラ,139.643889027734,35.7101091943722,公園樹木（杉並区）,馬橋公園,suginami_park_nara
PT0137-00-0197,コナラ,139.644661472169,35.7099701665906,公園樹木（杉並区）,馬橋公園,suginami_park_nara
PT0137-00-0224,コナラ,139.643738138847,35.7099436665923,公園樹木（杉並区）,馬橋公園,suginami_park_nara
PT0137-00-0243,コナラ,139.644732055501,35.7099205554786,公園樹木（杉並区）,馬橋公園,suginami_park_nara
PT0137-00-0245,コナラ,139.644031749954,35.7099177499246,公園樹木（杉並区）,馬橋公園,suginami_park_nara
PT0137-00-0255,コナラ,139.644074777732,35.7099034999243,公園樹木（杉並区）,馬橋公園,suginami_park_nara
PT0137-00-0273,コナラ,139.644174055508,35.7098795277015,公園樹木（杉並区）,馬橋公園,suginami_park_nara
PT0137-00-0428,コナラ,139.643277416631,35.7096645832557,公園樹木（杉並区）,馬橋公園,suginami_park_nara
PT0140-00-0025,コナラ,139.61088258329,35.6794745275978,公園樹木（杉並区）,高井戸みどり公園,suginami_park_nara
PT0140-00-0031,コナラ,139.610799222178,35.6792884998164,公園樹木（杉並区）,高井戸みどり公園,suginami_park_nara
PT0140-00-0033,コナラ,139.610790805511,35.6792215275931,公園樹木（杉並区）,高井戸みどり公園,suginami_park_nara
PT0142-00-0069,コナラ,139.61831152786,35.713456722149,公園樹木（杉並区）,清水森公園,suginami_park_nara
PT0145-00-0075,コナラ,139.657034777714,35.6977771942806,公園樹木（杉並区）,蚕糸の森公園,suginami_park_nara
PT0149-00-0044,コナラ,139.661588111014,35.6924376387123,公園樹木（杉並区）,和田中央公園,suginami_park_nara
PT0149-00-0073,コナラ,139.661742083236,35.6923715276038,公園樹木（杉並区）,和田中央公園,suginami_park_nara
PT0149-00-0079,コナラ,139.661766805458,35.6923557220487,公園樹木（杉並区）,和田中央公園,suginami_park_nara
PT0150-00-0010,コナラ,139.637625694485,35.6847552775929,公園樹木（杉並区）,成田かっぱ公園,suginami_park_nara
PT0150-00-0023,コナラ,139.637443750043,35.6846728053682,公園樹木（杉並区）,成田かっぱ公園,suginami_park_nara
PT0156-00-0004,ミズナラ,139.615632305529,35.6916531387939,公園樹木（杉並区）,はるたけ公園,suginami_park_nara
PT0156-00-0008,ミズナラ,139.615659249974,35.691631638794,公園樹木（杉並区）,はるたけ公園,suginami_park_nara
PT0156-00-0016,ミズナラ,139.615722027751,35.6916030832385,公園樹木（杉並区）,はるたけ公園,suginami_park_nara
PT0156-00-0018,ミズナラ,139.61560505553,35.6916017221276,公園樹木（杉並区）,はるたけ公園,suginami_park_nara
PT0156-00-0022,ミズナラ,139.615760222196,35.6915923887942,公園樹木（杉並区）,はるたけ公園,suginami_park_nara
PT0162-00-0298,コナラ,139.625727444473,35.6755280554358,公園樹木（杉並区）,塚山公園,suginami_park_nara
PT0162-00-0315,コナラ,139.625746055585,35.6755101665468,公園樹木（杉並区）,塚山公園,suginami_park_nara
PT0162-00-0324,コナラ,139.624291694468,35.6754962776821,公園樹木（杉並区）,塚山公園,suginami_park_nara
PT0162-00-0443,コナラ,139.624517805578,35.6753336665682,公園樹木（杉並区）,塚山公園,suginami_park_nara
PT0162-00-0485,コナラ,139.624492305577,35.6752659999023,公園樹木（杉並区）,塚山公園,suginami_park_nara
PT0162-00-0731,コナラ,139.625799555582,35.6750168609926,公園樹木（杉並区）,塚山公園,suginami_park_nara
PT0162-00-0778,コナラ,139.625629055581,35.6749724443291,公園樹木（杉並区）,塚山公園,suginami_park_nara
PT0162-00-0802,コナラ,139.625759111136,35.6749565554381,公園樹木（杉並区）,塚山公園,suginami_park_nara
PT0193-00-0042,コナラ,139.61119088886,35.6941246110168,公園樹木（杉並区）,宮前公園,suginami_park_nara
PT0193-00-0048,コナラ,139.611211972194,35.6940995554613,公園樹木（杉並区）,宮前公園,suginami_park_nara
PT0193-00-0088,コナラ,139.61120838886,35.6939888887949,公園樹木（杉並区）,宮前公園,suginami_park_nara
PT0193-00-0095,コナラ,139.611289805527,35.6939563610169,公園樹木（杉並区）,宮前公園,suginami_park_nara
PT0194-00-0046,コナラ,139.62399800001,35.689465194348,公園樹木（杉並区）,成田西公園,suginami_park_nara
PT0194-00-0048,コナラ,139.624486222234,35.6894575276761,公園樹木（杉並区）,成田西公園,suginami_park_nara
PT0194-00-0053,コナラ,139.624460500012,35.6894420554544,公園樹木（杉並区）,成田西公園,suginami_park_nara
PT0200-00-0029,コナラ,139.627358388884,35.7047488332326,公園樹木（杉並区）,天沼地蔵前公園,suginami_park_nara
PT0200-00-0037,コナラ,139.627283083328,35.7047222499,公園樹木（杉並区）,天沼地蔵前公園,suginami_park_nara
PT0201-00-0006,コナラ,139.605229888879,35.6875653887587,公園樹木（杉並区）,久我山東原公園,suginami_park_nara
PT0201-00-0017,コナラ,139.60518074999,35.6874721943128,公園樹木（杉並区）,久我山東原公園,suginami_park_nara
PT0201-00-0018,コナラ,139.605220222212,35.6874703609799,公園樹木（杉並区）,久我山東原公園,suginami_park_nara
PT0201-00-0021,コナラ,139.605290305545,35.6874217220915,公園樹木（杉並区）,久我山東原公園,suginami_park_nara
PT0201-00-0023,コナラ,139.605100972214,35.6874019165334,公園樹木（杉並区）,久我山東原公園,suginami_park_nara
PT0201-00-0024,コナラ,139.605183222213,35.6873968054232,公園樹木（杉並区）,久我山東原公園,suginami_park_nara
PT0201-00-0026,コナラ,139.605315444434,35.6873773609802,公園樹木（杉並区）,久我山東原公園,suginami_park_nara
PT0201-00-0028,コナラ,139.605144944435,35.6873695832003,公園樹木（杉並区）,久我山東原公園,suginami_park_nara
PT0201-00-0035,コナラ,139.605167972213,35.6873334165336,公園樹木（杉並区）,久我山東原公園,suginami_park_nara
PT0211-00-0002,コナラ,139.589215194443,35.7180864443235,公園樹木（杉並区）,善福寺北緑地,suginami_park_nara
PT0211-00-0004,コナラ,139.589205249999,35.718074972101,公園樹木（杉並区）,善福寺北緑地,suginami_park_nara
PT0211-00-0009,コナラ,139.58934963889,35.7180540832126,公園樹木（杉並区）,善福寺北緑地,suginami_park_nara
PT0211-00-0013,コナラ,139.589243944445,35.7180179721003,公園樹木（杉並区）,善福寺北緑地,suginami_park_nara
PT0211-00-0014,コナラ,139.589374972225,35.717976138767,公園樹木（杉並区）,善福寺北緑地,suginami_park_nara
PT0211-00-0021,コナラ,139.589282777778,35.7179527220994,公園樹木（杉並区）,善福寺北緑地,suginami_park_nara
PT0213-00-0872,コナラ,139.613305722137,35.726725944345,公園樹木（杉並区）,井草森公園,suginami_park_nara
PT0213-00-1025,コナラ,139.613013027693,35.7266497776793,公園樹木（杉並区）,井草森公園,suginami_park_nara
PT0213-00-1031,コナラ,139.613111749916,35.7266462499007,公園樹木（杉並区）,井草森公園,suginami_park_nara
PT0219-00-0001,コナラ,139.630871277848,35.6836681387097,公園樹木（杉並区）,浜田山さくら緑地,suginami_park_nara
PT0219-00-0004,コナラ,139.631089222293,35.6835822498171,公園樹木（杉並区）,浜田山さくら緑地,suginami_park_nara
PT0224-00-0014,コナラ,139.617285138895,35.6854745554957,公園樹木（杉並区）,高井戸藤が丘公園,suginami_park_nara
PT0224-00-0015,コナラ,139.617292750006,35.6854735832735,公園樹木（杉並区）,高井戸藤が丘公園,suginami_park_nara
PT0226-00-0022,コナラ,139.622272055557,35.7072820832915,公園樹木（杉並区）,天沼もえぎ公園,suginami_park_nara
PT0228-00-0015,コナラ,139.596277361131,35.7032197220358,公園樹木（杉並区）,松庵わかくさ公園,suginami_park_nara
PT0228-00-0020,コナラ,139.596317138909,35.7031825275916,公園樹木（杉並区）,松庵わかくさ公園,suginami_park_nara
PT0228-00-0025,コナラ,139.596283722242,35.7031233609265,公園樹木（杉並区）,松庵わかくさ公園,suginami_park_nara
PT0239-00-0128,コナラ,139.626468972267,35.6788051109705,公園樹木（杉並区）,柏の宮公園,suginami_park_nara
PT0239-00-0225,コナラ,139.626867666711,35.6785957776299,公園樹木（杉並区）,柏の宮公園,suginami_park_nara
PT0239-00-0226,コナラ,139.626832694488,35.6785931109639,公園樹木（杉並区）,柏の宮公園,suginami_park_nara
PT0239-00-0230,コナラ,139.626805222267,35.6785839720753,公園樹木（杉並区）,柏の宮公園,suginami_park_nara
PT0239-00-0231,コナラ,139.626887750045,35.6785812776296,公園樹木（杉並区）,柏の宮公園,suginami_park_nara
PT0239-00-0232,コナラ,139.626860944489,35.6785804720744,公園樹木（杉並区）,柏の宮公園,suginami_park_nara
PT0239-00-0244,コナラ,139.626798277822,35.6785589442975,公園樹木（杉並区）,柏の宮公園,suginami_park_nara
PT0239-00-0245,コナラ,139.627149305599,35.6785549165144,公園樹木（杉並区）,柏の宮公園,suginami_park_nara
PT0239-00-0249,コナラ,139.626822638933,35.678550333186,公園樹木（杉並区）,柏の宮公園,suginami_park_nara
PT0239-00-0251,コナラ,139.626911500044,35.678548277629,公園樹木（杉並区）,柏の宮公園,suginami_park_nara
PT0239-00-0252,コナラ,139.626991194489,35.6785460554056,公園樹木（杉並区）,柏の宮公園,suginami_park_nara
PT0239-00-0254,コナラ,139.627138833377,35.6785427220701,公園樹木（杉並区）,柏の宮公園,suginami_park_nara
PT0239-00-0255,コナラ,139.627035916711,35.678541916516,公園樹木（杉並区）,柏の宮公園,suginami_park_nara
PT0239-00-0257,コナラ,139.626801250044,35.6785384165196,公園樹木（杉並区）,柏の宮公園,suginami_park_nara
PT0239-00-0258,コナラ,139.627111944489,35.6785379720704,公園樹木（杉並区）,柏の宮公園,suginami_park_nara
PT0239-00-0260,コナラ,139.626928472266,35.6785335276287,公園樹木（杉並区）,柏の宮公園,suginami_park_nara
PT0239-00-0263,コナラ,139.627024388932,35.6785273609606,公園樹木（杉並区）,柏の宮公園,suginami_park_nara
PT0239-00-0265,コナラ,139.627002250044,35.6785234442942,公園樹木（杉並区）,柏の宮公園,suginami_park_nara
PT0239-00-0273,コナラ,139.626915027822,35.6785121387399,公園樹木（杉並区）,柏の宮公園,suginami_park_nara
PT0239-00-0274,コナラ,139.626669583377,35.6785032776324,公園樹木（杉並区）,柏の宮公園,suginami_park_nara
PT0239-00-0281,コナラ,139.626678166711,35.6784824998545,公園樹木（杉並区）,柏の宮公園,suginami_park_nara
PT0239-00-0282,コナラ,139.626730611155,35.6784767220759,公園樹木（杉並区）,柏の宮公園,suginami_park_nara
PT0239-00-0283,コナラ,139.627127583377,35.6784703609587,公園樹木（杉並区）,柏の宮公園,suginami_park_nara
PT0239-00-0285,コナラ,139.626690166711,35.6784668331875,公園樹木（杉並区）,柏の宮公園,suginami_park_nara
PT0239-00-0287,コナラ,139.627151111155,35.6784650831806,公園樹木（杉並区）,柏の宮公園,suginami_park_nara
PT0239-00-0288,コナラ,139.627201027821,35.6784649165131,公園樹木（杉並区）,柏の宮公園,suginami_park_nara
PT0239-00-0297,コナラ,139.626691083377,35.6784383331873,公園樹木（杉並区）,柏の宮公園,suginami_park_nara
PT0239-00-0299,コナラ,139.626951305599,35.6784373054056,公園樹木（杉並区）,柏の宮公園,suginami_park_nara
PT0239-00-0302,コナラ,139.626970861155,35.6784313331831,公園樹木（杉並区）,柏の宮公園,suginami_park_nara
PT0239-00-0307,コナラ,139.627096694488,35.6784137498477,公園樹木（杉並区）,柏の宮公園,suginami_park_nara
PT0239-00-0315,コナラ,139.626955277822,35.6783993331831,公園樹木（杉並区）,柏の宮公園,suginami_park_nara
PT0239-00-0319,コナラ,139.626932472265,35.6783892498501,公園樹木（杉並区）,柏の宮公園,suginami_park_nara
PT0239-00-0321,コナラ,139.626960194488,35.6783803887385,公園樹木（杉並区）,柏の宮公園,suginami_park_nara
PT0239-00-0322,コナラ,139.626887694488,35.6783799720729,公園樹木（杉並区）,柏の宮公園,suginami_park_nara
PT0239-00-0325,コナラ,139.627036250044,35.6783728331818,公園樹木（杉並区）,柏の宮公園,suginami_park_nara
PT0239-00-0329,コナラ,139.626709944488,35.678357277631,公園樹木（杉並区）,柏の宮公園,suginami_park_nara
PT0239-00-0332,コナラ,139.627039111155,35.6783515276261,公園樹木（杉並区）,柏の宮公園,suginami_park_nara
PT0239-00-0339,コナラ,139.626941722266,35.678334583183,公園樹木（杉並区）,柏の宮公園,suginami_park_nara
PT0239-00-0342,コナラ,139.626730194488,35.6783323887418,公園樹木（杉並区）,柏の宮公園,suginami_park_nara
PT0239-00-0349,コナラ,139.626646222266,35.6783114442984,公園樹木（杉並区）,柏の宮公園,suginami_park_nara
PT0239-00-0350,コナラ,139.626818611155,35.6783108054069,公園樹木（杉並区）,柏の宮公園,suginami_park_nara
PT0239-00-0352,コナラ,139.6266208056,35.6783088331877,公園樹木（杉並区）,柏の宮公園,suginami_park_nara
PT0239-00-0353,コナラ,139.626986250043,35.6783041387377,公園樹木（杉並区）,柏の宮公園,suginami_park_nara
PT0239-00-0369,コナラ,139.626889694487,35.6782635276279,公園樹木（杉並区）,柏の宮公園,suginami_park_nara
PT0239-00-0438,コナラ,139.626770583377,35.6781669720741,公園樹木（杉並区）,柏の宮公園,suginami_park_nara
PT0239-00-0439,コナラ,139.626745333378,35.6781665276301,公園樹木（杉並区）,柏の宮公園,suginami_park_nara
PT0239-00-0440,コナラ,139.6267028056,35.6781610831863,公園樹木（杉並区）,柏の宮公園,suginami_park_nara
PT0239-00-0450,コナラ,139.6269095556,35.6781489165166,公園樹木（杉並区）,柏の宮公園,suginami_park_nara
PT0239-00-0451,コナラ,139.626669527821,35.6781481387424,公園樹木（杉並区）,柏の宮公園,suginami_park_nara
PT0239-00-0462,コナラ,139.626651027822,35.6781309720761,公園樹木（杉並区）,柏の宮公園,suginami_park_nara
PT0239-00-0472,コナラ,139.626911138933,35.6781164165167,公園樹木（杉並区）,柏の宮公園,suginami_park_nara
PT0239-00-0477,コナラ,139.626727083377,35.678105222075,公園樹木（杉並区）,柏の宮公園,suginami_park_nara
PT0239-00-0493,コナラ,139.626940138932,35.6780723887387,公園樹木（杉並区）,柏の宮公園,suginami_park_nara
PT0239-00-0502,コナラ,139.626880277821,35.6780602220729,公園樹木（杉並区）,柏の宮公園,suginami_park_nara
PT0239-00-0528,コナラ,139.626338194488,35.6780171665256,公園樹木（杉並区）,柏の宮公園,suginami_park_nara
PT0239-00-0531,コナラ,139.626617972265,35.6780155554104,公園樹木（杉並区）,柏の宮公園,suginami_park_nara
PT0239-00-0545,コナラ,139.626339194488,35.6779905554146,公園樹木（杉並区）,柏の宮公園,suginami_park_nara
PT0239-00-0559,コナラ,139.626403194488,35.6779724443027,公園樹木（杉並区）,柏の宮公園,suginami_park_nara
PT0239-00-0563,コナラ,139.626373083377,35.6779659720809,公園樹木（杉並区）,柏の宮公園,suginami_park_nara
PT0239-00-0590,コナラ,139.626477111154,35.6779357220795,公園樹木（杉並区）,柏の宮公園,suginami_park_nara
PT0239-00-0603,コナラ,139.626083250044,35.6779201665299,公園樹木（杉並区）,柏の宮公園,suginami_park_nara
PT0239-00-0609,コナラ,139.626135000043,35.6779150276403,公園樹木（杉並区）,柏の宮公園,suginami_park_nara
PT0243-00-0001,コナラ,139.626672277769,35.7193569720492,公園樹木（杉並区）,銀杏稲荷公園,suginami_park_nara
PT0243-00-0002,コナラ,139.626638944436,35.7193460276051,公園樹木（杉並区）,銀杏稲荷公園,suginami_park_nara
PT0243-00-0003,コナラ,139.626680666658,35.7193257498275,公園樹木（杉並区）,銀杏稲荷公園,suginami_park_nara
PT0243-00-0005,コナラ,139.626722944436,35.7193167498274,公園樹木（杉並区）,銀杏稲荷公園,suginami_park_nara
PT0243-00-0007,コナラ,139.626678027769,35.7193008609391,公園樹木（杉並区）,銀杏稲荷公園,suginami_park_nara
PT0243-00-0009,コナラ,139.626690749992,35.7192729998284,公園樹木（杉並区）,銀杏稲荷公園,suginami_park_nara
PT0243-00-0011,コナラ,139.626513972215,35.7192691109403,公園樹木（杉並区）,銀杏稲荷公園,suginami_park_nara
PT0243-00-0012,コナラ,139.626519083327,35.7192329442742,公園樹木（杉並区）,銀杏稲荷公園,suginami_park_nara
PT0243-00-0015,コナラ,139.626674055548,35.7191822220523,公園樹木（杉並区）,銀杏稲荷公園,suginami_park_nara
PT0243-00-0018,コナラ,139.626514999995,35.7191753331641,公園樹木（杉並区）,銀杏稲荷公園,suginami_park_nara
PT0243-00-0020,コナラ,139.626578194438,35.7191568887198,公園樹木（杉並区）,銀杏稲荷公園,suginami_park_nara
PT0243-00-0025,コナラ,139.626593222217,35.7191017220541,公園樹木（杉並区）,銀杏稲荷公園,suginami_park_nara
PT0243-00-0026,コナラ,139.626575749995,35.7191013887208,公園樹木（杉並区）,銀杏稲荷公園,suginami_park_nara
PT0243-00-0027,コナラ,139.626556444439,35.7190910831655,公園樹木（杉並区）,銀杏稲荷公園,suginami_park_nara
PT0243-00-0028,コナラ,139.626593388884,35.719059583166,公園樹木（杉並区）,銀杏稲荷公園,suginami_park_nara
PT0243-00-0029,コナラ,139.626554583329,35.7190585831661,公園樹木（杉並区）,銀杏稲荷公園,suginami_park_nara
PT0243-00-0032,コナラ,139.626579249996,35.7190226942778,公園樹木（杉並区）,銀杏稲荷公園,suginami_park_nara
PT0251-00-0006,コナラ,139.624617944386,35.6988146109891,公園樹木（杉並区）,角川庭園,suginami_park_nara
PT0251-00-0030,コナラ,139.624343666607,35.6987239998797,公園樹木（杉並区）,角川庭園,suginami_park_nara
PT0251-00-0033,コナラ,139.624309722162,35.6987233054355,公園樹木（杉並区）,角川庭園,suginami_park_nara
PT0251-00-0037,コナラ,139.624352138829,35.698717694324,公園樹木（杉並区）,角川庭園,suginami_park_nara
PT0251-00-0038,コナラ,139.624361416607,35.698716805435,公園樹木（杉並区）,角川庭園,suginami_park_nara
PT0251-00-0040,コナラ,139.624288555495,35.6987118332134,公園樹木（杉並区）,角川庭園,suginami_park_nara
PT0251-00-0041,コナラ,139.62432249994,35.6987111109909,公園樹木（杉並区）,角川庭園,suginami_park_nara
PT0251-00-0046,コナラ,139.62430549994,35.6986888054352,公園樹木（杉並区）,角川庭園,suginami_park_nara
PT0251-00-0047,コナラ,139.624375833274,35.6986887221012,公園樹木（杉並区）,角川庭園,suginami_park_nara
PT0251-00-0050,コナラ,139.624549833275,35.6986815276549,公園樹木（杉並区）,角川庭園,suginami_park_nara
PT0251-00-0052,コナラ,139.624379694385,35.6986779165454,公園樹木（杉並区）,角川庭園,suginami_park_nara
PT0251-00-0054,コナラ,139.624364194385,35.6986759721011,公園樹木（杉並区）,角川庭園,suginami_park_nara
PT0251-00-0057,コナラ,139.624296611051,35.698669055435,公園樹木（杉並区）,角川庭園,suginami_park_nara
PT0251-00-0059,コナラ,139.624388166607,35.6986679165452,公園樹木（杉並区）,角川庭園,suginami_park_nara
PT0251-00-0063,コナラ,139.624372111052,35.6986667221009,公園樹木（杉並区）,角川庭園,suginami_park_nara
PT0251-00-0066,コナラ,139.624380444385,35.6986591387674,公園樹木（杉並区）,角川庭園,suginami_park_nara
PT0251-00-0071,コナラ,139.624353333274,35.6986510832121,公園樹木（杉並区）,角川庭園,suginami_park_nara
PT0251-00-0072,コナラ,139.62440563883,35.6986494721005,公園樹木（杉並区）,角川庭園,suginami_park_nara
PT0251-00-0073,コナラ,139.624435083274,35.6986487221002,公園樹木（杉並区）,角川庭園,suginami_park_nara
PT0251-00-0074,コナラ,139.624343472163,35.6986483609899,公園樹木（杉並区）,角川庭園,suginami_park_nara
PT0254-01-0017,コナラ,139.623004805601,35.6807111110322,公園樹木（杉並区）,三井の森公園,suginami_park_nara
PT0254-01-0025,コナラ,139.623101833379,35.6806588888083,公園樹木（杉並区）,三井の森公園,suginami_park_nara
PT0254-01-0093,コナラ,139.622678361156,35.6804672777025,公園樹木（杉並区）,三井の森公園,suginami_park_nara
PT0254-01-0262,コナラ,139.622297916712,35.6800822777062,公園樹木（杉並区）,三井の森公園,suginami_park_nara
PT0254-01-0272,コナラ,139.622318305601,35.6800468888169,公園樹木（杉並区）,三井の森公園,suginami_park_nara
PT0254-01-0280,コナラ,139.622299638933,35.6800220277059,公園樹木（杉並区）,三井の森公園,suginami_park_nara
PT0254-01-0290,コナラ,139.622276777822,35.6799963332617,公園樹木（杉並区）,三井の森公園,suginami_park_nara
PT0254-01-0379,コナラ,139.622502916712,35.6797309165903,公園樹木（杉並区）,三井の森公園,suginami_park_nara
PT0254-01-0526,コナラ,139.622728722268,35.6791246943616,公園樹木（杉並区）,三井の森公園,suginami_park_nara
PT0254-02-0023,コナラ,139.622944666712,35.67880427769,公園樹木（杉並区）,三井の森公園,suginami_park_nara
PT0254-02-0026,コナラ,139.623055055601,35.6787860276882,公園樹木（杉並区）,三井の森公園,suginami_park_nara
PT0254-02-0038,コナラ,139.623171138935,35.6787303610196,公園樹木（杉並区）,三井の森公園,suginami_park_nara
PT0254-02-0052,コナラ,139.623230722267,35.6787004721296,公園樹木（杉並区）,三井の森公園,suginami_park_nara
PT0254-02-0066,コナラ,139.62327819449,35.6786715554621,公園樹木（杉並区）,三井の森公園,suginami_park_nara
PT0254-02-0146,コナラ,139.624214611156,35.6784797498915,公園樹木（杉並区）,三井の森公園,suginami_park_nara
PT0254-02-0156,コナラ,139.624223666711,35.6784655832246,公園樹木（杉並区）,三井の森公園,suginami_park_nara
PT0260-00-0009,コナラ,139.6576133889,35.7083095831791,公園樹木（杉並区）,高円寺北一みどり公園,suginami_park_nara
PT0260-00-0011,コナラ,139.657584166677,35.7082953331795,公園樹木（杉並区）,高円寺北一みどり公園,suginami_park_nara
PT0265-00-0002,ミズナラ,139.587160944467,35.7122914164537,公園樹木（杉並区）,善福寺二丁目緑地,suginami_park_nara
PT0273-00-0042,コナラ,139.642163416626,35.6822981387462,公園樹木（杉並区）,大宮の杜緑地,suginami_park_nara
PT0273-00-0049,コナラ,139.642145555516,35.6822761943014,公園樹木（杉並区）,大宮の杜緑地,suginami_park_nara
PT0273-00-0056,コナラ,139.64289661106,35.6822673887549,公園樹木（杉並区）,大宮の杜緑地,suginami_park_nara
PT0275-00-0023,コナラ,139.634871055536,35.696307555349,公園樹木（杉並区）,成宗さくら公園,suginami_park_nara
PT0275-00-0040,コナラ,139.634960583313,35.6961196109062,公園樹木（杉並区）,成宗さくら公園,suginami_park_nara
PT0275-00-0050,コナラ,139.634944499979,35.6960601386839,公園樹木（杉並区）,成宗さくら公園,suginami_park_nara
PT0275-00-0052,コナラ,139.634982305534,35.6960510831289,公園樹木（杉並区）,成宗さくら公園,suginami_park_nara
PT0275-00-0056,コナラ,139.634967388867,35.6960031664621,公園樹木（杉並区）,成宗さくら公園,suginami_park_nara
PT0278-00-0003,コナラ,139.623611000036,35.6870479721611,公園樹木（杉並区）,高井戸東ひだまり緑地,suginami_park_nara
PT0278-00-0004,コナラ,139.623628250037,35.6870398888275,公園樹木（杉並区）,高井戸東ひだまり緑地,suginami_park_nara
PT0278-00-0007,コナラ,139.62353783337,35.6870036110516,公園樹木（杉並区）,高井戸東ひだまり緑地,suginami_park_nara
PT0311-00-0001,コナラ,139.626506638865,35.7210872498214,公園樹木（杉並区）,上ノ台児童遊園,suginami_park_nara
PT0350-00-0012,コナラ,139.602113416634,35.703370222066,公園樹木（杉並区）,西荻窪平和児童遊園,suginami_park_nara
PT0354-00-0045,コナラ,139.603854777853,35.719698555415,公園樹木（杉並区）,どんぐり山児童遊園,suginami_park_nara
PT0354-00-0053,コナラ,139.603673805631,35.7196742498622,公園樹木（杉並区）,どんぐり山児童遊園,suginami_park_nara
PT0354-00-0056,コナラ,139.60369308341,35.7196647776398,公園樹木（杉並区）,どんぐり山児童遊園,suginami_park_nara
PT0354-00-0081,コナラ,139.603622861187,35.7195650831963,公園樹木（杉並区）,どんぐり山児童遊園,suginami_park_nara
PT0354-00-0094,コナラ,139.60356108341,35.7195275831973,公園樹木（杉並区）,どんぐり山児童遊園,suginami_park_nara
PT1087-00-0018,コナラ,139.646880222175,35.6888831943799,公園樹木（杉並区）,遊び場８７番,suginami_park_nara
PT2002-00-0064,コナラ,139.616350055587,35.7196455275918,公園樹木（杉並区）,下井草いこいの森,suginami_park_nara
NARA_ROAD_001,コナラ,139.754389,35.674186,街路樹,道路沿い,nara_road
NARA_ROAD_002,コナラ,139.754635,35.674549,街路樹,道路沿い,nara_road
NARA_ROAD_003,コナラ,139.754857,35.674899,街路樹,道路沿い,nara_road
NARA_ROAD_004,コナラ,139.755477,35.675863,街路樹,道路沿い,nara_road
NARA_ROAD_005,コナラ,139.755493,35.675864,街路樹,道路沿い,nara_road
NARA_ROAD_006,コナラ,139.6989528,35.66857468,街路樹,道路沿い,nara_road
NARA_ROAD_007,イギリスナラ,139.6582064,35.67707303,街路樹,道路沿い,nara_road
NARA_ROAD_008,コナラ,139.6144512,35.72826889,街路樹,道路沿い,nara_road
NARA_ROAD_009,コナラ,139.7612061,35.70207596,街路樹,道路沿い,nara_road
NARA_ROAD_010,コナラ,139.7612115,35.70207942,街路樹,道路沿い,nara_road
NARA_ROAD_011,コナラ,139.7612031,35.70208791,街路樹,道路沿い,nara_road
NARA_ROAD_012,コナラ,139.7492602,35.71407663,街路樹,道路沿い,nara_road
NARA_ROAD_013,コナラ,139.7492597,35.71408769,街路樹,道路沿い,nara_road
NARA_ROAD_014,コナラ,139.7492594,35.71409961,街路樹,道路沿い,nara_road
NARA_ROAD_015,コナラ,139.7441229,35.71722527,街路樹,道路沿い,nara_road
NARA_ROAD_016,コナラ,139.7441788,35.71731444,街路樹,道路沿い,nara_road
NARA_ROAD_017,コナラ,139.7441946,35.71731452,街路樹,道路沿い,nara_road
NARA_ROAD_018,コナラ,139.6218281,35.73977126,街路樹,道路沿い,nara_road
NARA_ROAD_019,コナラ,139.6219012,35.73983853,街路樹,道路沿い,nara_road
NARA_ROAD_020,コナラ,139.622099,35.74036051,街路樹,道路沿い,nara_road
NARA_ROAD_021,コナラ,139.6221137,35.74044592,街路樹,道路沿い,nara_road
NARA_ROAD_022,コナラ,139.622228,35.74048311,街路樹,道路沿い,nara_road
NARA_ROAD_023,コナラ,139.6231057,35.74082439,街路樹,道路沿い,nara_road
NARA_ROAD_024,コナラ,139.6262677,35.74333555,街路樹,道路沿い,nara_road
NARA_ROAD_025,コナラ,139.6233353,35.7582588,街路樹,道路沿い,nara_road
NARA_ROAD_026,コナラ,139.6235367,35.75824567,街路樹,道路沿い,nara_road
NARA_ROAD_027,コナラ,139.6238814,35.75824465,街路樹,道路沿い,nara_road
NARA_ROAD_028,コナラ,139.6241326,35.75825227,街路樹,道路沿い,nara_road
NARA_ROAD_029,コナラ,139.6222976,35.75875041,街路樹,道路沿い,nara_road
NARA_ROAD_030,コナラ,139.6225915,35.75873273,街路樹,道路沿い,nara_road
NARA_ROAD_031,コナラ,139.6234397,35.75872198,街路樹,道路沿い,nara_road
NARA_ROAD_032,コナラ,139.6234748,35.75872241,街路樹,道路沿い,nara_road
NARA_ROAD_033,コナラ,139.6237579,35.7587373,街路樹,道路沿い,nara_road
NARA_ROAD_034,コナラ,139.6240162,35.75873198,街路樹,道路沿い,nara_road
NARA_ROAD_035,コナラ,139.6243071,35.75873762,街路樹,道路沿い,nara_road
NARA_ROAD_036,コナラ,139.624931,35.75874288,街路樹,道路沿い,nara_road
NARA_ROAD_037,コナラ,139.6262182,35.75874017,街路樹,道路沿い,nara_road
NARA_ROAD_038,コナラ,139.6262496,35.7587672,街路樹,道路沿い,nara_road
NARA_ROAD_039,コナラ,139.6267373,35.75874531,街路樹,道路沿い,nara_road
NARA_ROAD_040,コナラ,139.6267626,35.75877394,街路樹,道路沿い,nara_road
NARA_ROAD_041,コナラ,139.629898,35.7582968,街路樹,道路沿い,nara_road
NARA_ROAD_042,コナラ,139.6300136,35.75830015,街路樹,道路沿い,nara_road
NARA_ROAD_043,コナラ,139.6300404,35.75830631,街路樹,道路沿い,nara_road
NARA_ROAD_044,コナラ,139.6301759,35.7583252,街路樹,道路沿い,nara_road
NARA_ROAD_045,コナラ,139.6302833,35.75831447,街路樹,道路沿い,nara_road
NARA_ROAD_046,コナラ,139.6303004,35.75831116,街路樹,道路沿い,nara_road
NARA_ROAD_047,コナラ,139.6303898,35.75831484,街路樹,道路沿い,nara_road
NARA_ROAD_048,コナラ,139.6305431,35.75830322,街路樹,道路沿い,nara_road
NARA_ROAD_049,コナラ,139.6305949,35.75831737,街路樹,道路沿い,nara_road
NARA_ROAD_050,コナラ,139.6306164,35.7583296,街路樹,道路沿い,nara_road
NARA_ROAD_051,コナラ,139.6309107,35.75830817,街路樹,道路沿い,nara_road
NARA_ROAD_052,コナラ,139.6309379,35.75831379,街路樹,道路沿い,nara_road
NARA_ROAD_053,コナラ,139.6308808,35.75833454,街路樹,道路沿い,nara_road
NARA_ROAD_054,コナラ,139.6310516,35.75830482,街路樹,道路沿い,nara_road
NARA_ROAD_055,コナラ,139.6310274,35.75831625,街路樹,道路沿い,nara_road
NARA_ROAD_056,コナラ,139.6311396,35.75831092,街路樹,道路沿い,nara_road
NARA_ROAD_057,コナラ,139.6311775,35.75830685,街路樹,道路沿い,nara_road
NARA_ROAD_058,コナラ,139.6313709,35.75831012,街路樹,道路沿い,nara_road
NARA_ROAD_059,コナラ,139.6313009,35.75832881,街路樹,道路沿い,nara_road
NARA_ROAD_060,コナラ,139.6312781,35.75833503,街路樹,道路沿い,nara_road
NARA_ROAD_061,コナラ,139.631388,35.75832578,街路樹,道路沿い,nara_road
NARA_ROAD_062,コナラ,139.5887371,35.77823242,街路樹,道路沿い,nara_road
NARA_ROAD_063,コナラ,139.5887402,35.77825611,街路樹,道路沿い,nara_road
NARA_ROAD_064,コナラ,139.5887678,35.77834542,街路樹,道路沿い,nara_road
MATSU_ROAD_001,アカマツ,139.747701,35.700744,街路樹,道路沿い,matsu_road
MATSU_ROAD_002,クロマツ,139.6942714,35.66809618,街路樹,道路沿い,matsu_road
MATSU_ROAD_003,クロマツ,139.6943346,35.66809889,街路樹,道路沿い,matsu_road
MATSU_ROAD_004,クロマツ,139.6943756,35.66810089,街路樹,道路沿い,matsu_road
MATSU_ROAD_005,クロマツ,139.6944144,35.66810218,街路樹,道路沿い,matsu_road
MATSU_ROAD_006,クロマツ,139.6944414,35.66810218,街路樹,道路沿い,matsu_road
MATSU_ROAD_007,アカマツ,139.692856,35.68799564,街路樹,道路沿い,matsu_road
MATSU_ROAD_008,アイグロマツ,139.6928377,35.68801725,街路樹,道路沿い,matsu_road
MATSU_ROAD_009,クロマツ,139.6557037,35.69787609,街路樹,道路沿い,matsu_road
MATSU_ROAD_010,クロマツ,139.6942263,35.68803813,街路樹,道路沿い,matsu_road
MATSU_ROAD_011,クロマツ,139.6557291,35.69787891,街路樹,道路沿い,matsu_road
MATSU_ROAD_012,クロマツ,139.6942317,35.68804577,街路樹,道路沿い,matsu_road
MATSU_ROAD_013,クロマツ,139.6557477,35.6978851,街路樹,道路沿い,matsu_road
MATSU_ROAD_014,クロマツ,139.693994,35.68812248,街路樹,道路沿い,matsu_road
MATSU_ROAD_015,クロマツ,139.6939855,35.68812656,街路樹,道路沿い,matsu_road
MATSU_ROAD_016,クロマツ,139.6818144,35.69304425,街路樹,道路沿い,matsu_road
MATSU_ROAD_017,アイグロマツ,139.7318999,35.69940731,街路樹,道路沿い,matsu_road
MATSU_ROAD_018,クロマツ,139.7266587,35.71303742,街路樹,道路沿い,matsu_road
MATSU_ROAD_019,クロマツ,139.7265493,35.71308052,街路樹,道路沿い,matsu_road
MATSU_ROAD_020,クロマツ,139.7265529,35.71312656,街路樹,道路沿い,matsu_road
MATSU_ROAD_021,クロマツ,139.7265061,35.71316727,街路樹,道路沿い,matsu_road
MATSU_ROAD_022,クロマツ,139.7210799,35.71572466,街路樹,道路沿い,matsu_road
MATSU_ROAD_023,クロマツ,139.7700491,35.70603287,街路樹,道路沿い,matsu_road
MATSU_ROAD_024,クロマツ,139.742229,35.71904449,街路樹,道路沿い,matsu_road
MATSU_ROAD_025,クロマツ,139.7557653,35.72657257,街路樹,道路沿い,matsu_road
MATSU_ROAD_026,アカマツ,139.7526705,35.72753006,街路樹,道路沿い,matsu_road
MATSU_ROAD_027,クロマツ,139.7526194,35.72768562,街路樹,道路沿い,matsu_road
MATSU_ROAD_028,マツ,139.6799563,35.72834548,街路樹,道路沿い,matsu_road
MATSU_ROAD_029,クロマツ,139.6802502,35.74291227,街路樹,道路沿い,matsu_road
MATSU_ROAD_030,クロマツ,139.6802289,35.74293376,街路樹,道路沿い,matsu_road
MATSU_ROAD_031,アカマツ,139.5888192,35.77762117,街路樹,道路沿い,matsu_road
MATSU_ROAD_032,アカマツ,139.5887374,35.77772748,街路樹,道路沿い,matsu_road
MATSU_ROAD_033,アカマツ,139.5886986,35.77779142,街路樹,道路沿い,matsu_road
MATSU_ROAD_034,アカマツ,139.5886165,35.77809889,街路樹,道路沿い,matsu_road
MATSU_ROAD_035,アカマツ,139.5887137,35.77813294,街路樹,道路沿い,matsu_road
MATSU_ROAD_036,アカマツ,139.5886958,35.77815576,街路樹,道路沿い,matsu_road
MATSU_ROAD_037,アカマツ,139.5886319,35.77817639,街路樹,道路沿い,matsu_road
MATSU_ROAD_038,アカマツ,139.588648,35.77817631,街路樹,道路沿い,matsu_road
MATSU_ROAD_039,アカマツ,139.5886305,35.77821939,街路樹,道路沿い,matsu_road
MATSU_ROAD_040,アカマツ,139.5887144,35.77821558,街路樹,道路沿い,matsu_road
MATSU_ROAD_041,アカマツ,139.5886375,35.77824577,街路樹,道路沿い,matsu_road
MATSU_ROAD_042,アカマツ,139.5886868,35.77825811,街路樹,道路沿い,matsu_road
MATSU_ROAD_043,アカマツ,139.5886626,35.77828358,街路樹,道路沿い,matsu_road
MATSU_ROAD_044,アカマツ,139.5886518,35.77828937,街路樹,道路沿い,matsu_road
MATSU_ROAD_045,アカマツ,139.5886568,35.77829169,街路樹,道路沿い,matsu_road
MATSU_ROAD_046,アカマツ,139.7924412,35.70115244,街路樹,道路沿い,matsu_road
MATSU_ROAD_047,アカマツ,139.7923955,35.7011677,街路樹,道路沿い,matsu_road
MATSU_ROAD_048,アカマツ,139.792375,35.70118441,街路樹,道路沿い,matsu_road
MATSU_ROAD_049,アカマツ,139.7923737,35.70124243,街路樹,道路沿い,matsu_road
MATSU_ROAD_050,アカマツ,139.7924105,35.70123308,街路樹,道路沿い,matsu_road
MATSU_ROAD_051,アカマツ,139.7923942,35.70123756,街路樹,道路沿い,matsu_road
MATSU_ROAD_052,アカマツ,139.7924308,35.70122935,街路樹,道路沿い,matsu_road
MATSU_ROAD_053,アカマツ,139.7923064,35.70126349,街路樹,道路沿い,matsu_road
MATSU_ROAD_054,アカマツ,139.7924543,35.70122656,街路樹,道路沿い,matsu_road
MATSU_ROAD_055,アカマツ,139.7924905,35.70122063,街路樹,道路沿い,matsu_road
MATSU_ROAD_056,アカマツ,139.792331,35.70126302,街路樹,道路沿い,matsu_road
MATSU_ROAD_057,アカマツ,139.7922783,35.7012769,街路樹,道路沿い,matsu_road
MATSU_ROAD_058,アカマツ,139.7923516,35.70126755,街路樹,道路沿い,matsu_road
MATSU_ROAD_059,アカマツ,139.7923801,35.70126334,街路樹,道路沿い,matsu_road
MATSU_ROAD_060,アカマツ,139.7925546,35.7013963,街路樹,道路沿い,matsu_road
MATSU_ROAD_061,アカマツ,139.7924718,35.70142842,街路樹,道路沿い,matsu_road
MATSU_ROAD_062,アカマツ,139.7924983,35.70142379,街路樹,道路沿い,matsu_road
MATSU_ROAD_063,アカマツ,139.7922603,35.70148696,街路樹,道路沿い,matsu_road
MATSU_ROAD_064,アカマツ,139.7924199,35.70144884,街路樹,道路沿い,matsu_road
MATSU_ROAD_065,アカマツ,139.7924527,35.70144149,街路樹,道路沿い,matsu_road
MATSU_ROAD_066,アカマツ,139.7923679,35.70146355,街路樹,道路沿い,matsu_road
MATSU_ROAD_067,アカマツ,139.7924101,35.70145538,街路樹,道路沿い,matsu_road
MATSU_ROAD_068,アカマツ,139.7924276,35.70145129,街路樹,道路沿い,matsu_road
MATSU_ROAD_069,アカマツ,139.7922975,35.70148505,街路樹,道路沿い,matsu_road
MATSU_ROAD_070,アカマツ,139.7923796,35.70146436,街路樹,道路沿い,matsu_road
MATSU_ROAD_071,アカマツ,139.7923256,35.70147961,街路樹,道路沿い,matsu_road
MATSU_ROAD_072,アカマツ,139.7923515,35.70147634,街路樹,道路沿い,matsu_road
MATSU_ROAD_073,アカマツ,139.7923974,35.70146627,街路樹,道路沿い,matsu_road
MATSU_ROAD_074,アカマツ,139.7923883,35.70147008,街路樹,道路沿い,matsu_road
MATSU_ROAD_075,クロマツ,139.7412754,35.74699835,街路樹,道路沿い,matsu_road
